region,num_sessions,installs,orders,revenue,revenue_quartile,region_russian,revenue_per_order,gmv,conversion,avg_check,rich_hotel_count,not_rich_hotel_count,tour_count,nature_feat,nature_feat_rating_mean,not_rich_hotel_feat_rating_mean,rich_hotel_feat_rating_mean,tour_feat_rating_mean,nature_feat_rating_std,not_rich_hotel_feat_rating_std,rich_hotel_feat_rating_std,tour_feat_rating_std,средний доход,20тый персентиль дохода,40ой персентиль дохода,60тый персентиль дохода,80тый персентиль дохода,доля населения с доходом ниже медианы по региону,население с доходом ниже границы бедности,население,моложе трудоспособного возраста,в трудоспособном возрасте,старше трудоспособного возраста,моложе 18,Возраст от 18 до 25,Возраст от 25 до 30,Возраст от 31 до 40,Возраст от 41 до 50,Возраст от 51 до 60,Старше 60,мужчины,мужчины моложе трудоспособного возраста,мужчины трудоспособного возраста,мужчины старше трудоспособного возраста,женщины,мужчины моложе трудоспособного возраста.1,женщины трудоспособного возраста,женщины старше трудоспособного возраста,городские мужчины,городские мужчины моложе трудоспособного возраста,городские мужчины в трудоспособном возрасте,городские мужчины в трудоспособном возрасте.1,городские женщины,городские женщины моложе трудоспособного возраста,городские женщины в трудоспо-собном возрасте,городские женщины старше трудоспо-собного возраста,оценка туристского потока (число поездок),оценка туристского потока (число ночевок),доход от гостиниц/отелей/хостелов в год (тыс),число турфирм
Krasnodar Krai,1.0,1.0,1.0,1.0,Very High,Краснодарский край,1.0,1.0,1.0,1.0,9856.0,38.0,675.0,1485.0,4.548821548821548,4.421052631578948,4.564935064935065,4.691851851851852,0.8748162832586464,1.1770687124853019,0.9772885983209202,0.8260459471500029,54492,14427,27229,40865,61594,18.3,9.2,5832042,1112335,3307887,1411820,1234958,433455,348383,961639,841715,727943,1283949,2749485,572221,1729083,448181,3082557,540114,1578804,963639,1556645,334564,984540,237541,1765674,317201,921860,526613,18072510,100110964,149338428.0,473
Sverdlovsk Oblast,0.506194346482788,0.457039331004181,0.337536231884057,0.408210114066151,Very High,Свердловская область,1.348128603446693,0.1377857037188497,0.6668115403290743,1.209381617456612,793.0,33.0,229.0,191.0,4.50261780104712,4.454545454545454,4.4640605296343,4.716157205240175,1.0098167918761995,1.120572094147368,1.015800503542996,0.8648856996295718,53343,14521,27129,40418,60467,17.9,8.1,4263691,840806,2399910,1022975,929039,328486,230321,716853,619600,510046,929346,1974676,431739,1242014,300923,2289015,409067,1157896,722052,1684610,367675,1069919,247016,1973918,348022,1017189,608707,3157004,10185979,13029768.2,454
Sverdlovsk Oblast,0.506194346482788,0.457039331004181,0.337536231884057,0.408210114066151,Very High,Свердловская область,1.348128603446693,0.1377857037188497,0.6668115403290743,1.209381617456612,1.0,0.0,0.0,0.0,,,5.0,,,,,,53343,14521,27129,40418,60467,17.9,8.1,4263691,840806,2399910,1022975,929039,328486,230321,716853,619600,510046,929346,1974676,431739,1242014,300923,2289015,409067,1157896,722052,1684610,367675,1069919,247016,1973918,348022,1017189,608707,3157004,10185979,13029768.2,454
Tatarstan Republic,0.440533059782575,0.35690089436941,0.293043478260869,0.304032879929527,Very High,Татарстан,1.1729926390639096,0.0890948526402177,0.665202013228021,1.0375009255755392,1219.0,82.0,492.0,181.0,4.629834254143646,4.573170731707317,4.46923707957342,4.760162601626016,0.9134759469789144,0.8319319743807116,0.9957200654166,0.7466137908804876,52221,15294,27811,40635,59593,16.7,5.0,4000084,773743,2283072,943269,851777,306695,242278,693484,536334,522134,847382,1868294,397453,1185297,285544,2131790,376290,1097775,657725,1413083,315358,893441,204284,1657832,299037,868527,490268,4191422,13998938,16846118.7,628
Chelyabinsk Oblast,0.381014525302433,0.379930437934762,0.216159420289855,0.240917617322201,Very High,Челябинская область,1.299023404081821,0.05207661249798,0.5673259309950898,1.1145367479203403,1.0,0.0,0.0,0.0,,,2.0,,,,,,39695,13042,22703,32147,45662,14.6,10.6,3421556,671416,1922152,827988,743563,257025,201630,573218,481474,415143,749503,1568338,344484,985581,238273,1853218,326932,936571,589715,1284629,280476,815191,188962,1542111,265011,792765,484335,1808517,6807272,9076707.2,385
Chelyabinsk Oblast,0.381014525302433,0.379930437934762,0.216159420289855,0.240917617322201,Very High,Челябинская область,1.299023404081821,0.05207661249798,0.5673259309950898,1.1145367479203403,132.0,6.0,28.0,53.0,4.377358490566038,3.6666666666666665,4.462121212121212,4.571428571428571,1.0782181721272233,1.7511900715418263,1.0293798847012348,1.0338196500275418,39695,13042,22703,32147,45662,14.6,10.6,3421556,671416,1922152,827988,743563,257025,201630,573218,481474,415143,749503,1568338,344484,985581,238273,1853218,326932,936571,589715,1284629,280476,815191,188962,1542111,265011,792765,484335,1808517,6807272,9076707.2,385
Bashkortostan Republic,0.307544295192021,0.281629489815688,0.192246376811594,0.210251213612574,Very High,Башкортостан,1.2897173177050802,0.0404200340372578,0.6251014238178647,1.0936550123835371,1176.0,14.0,134.0,233.0,4.579399141630901,4.142857142857143,4.4770408163265305,4.686567164179104,0.8876089439685999,1.231455852429764,1.0483543748913748,0.7986634554078005,40006,11934,21553,31335,45723,16.3,10.0,4091621,818105,2328492,945024,909177,326718,232738,693930,529831,555411,843816,1934940,420581,1223019,291340,2156681,397524,1105473,653684,1176332,261721,750572,164039,1362995,247410,726091,389494,2154174,8870912,11391604.5,297
Novosibirsk Oblast,0.300961474260532,0.300121561740239,0.193405797101449,0.223770484779402,Very High,Новосибирская область,1.3635980346476595,0.0432785089765379,0.6426264277733577,1.1569998838350513,503.0,14.0,87.0,70.0,4.571428571428571,4.785714285714286,4.41351888667992,4.655172413793103,0.7136643259868994,0.5789342235218394,1.0332982734204765,0.8187850643213599,49347,14300,26107,38253,56264,16.8,10.2,2797492,535264,1598243,663985,592110,216807,162996,489839,401981,332837,600922,1281351,274670,808524,198157,1516141,260594,789719,465828,1007632,214129,643865,149638,1221474,203001,651871,366602,2777827,8739968,8180532.4,337
Nizhny Novgorod Oblast,0.273328194140105,0.231265742089111,0.18927536231884,0.200708972166125,Very High,Нижегородская область,1.2524583488467456,0.0379892634273852,0.6924838577824122,1.0604072802038795,1114.0,23.0,325.0,176.0,4.5625,3.869565217391304,4.436265709156194,4.7907692307692304,0.9420721840708386,1.6598014072359533,1.0138195439524678,0.6568074385967406,50283,14110,26069,38528,57166,17.4,7.5,3108918,543407,1740931,824580,602860,224202,164130,517664,445853,407595,746614,1408266,279365,899280,229621,1700652,264042,841651,594959,1108979,228055,707637,173287,1376284,215562,692182,468540,2504365,8890460,9077501.1,420
Samara Oblast,0.271901764523784,0.256306210586183,0.182898550724637,0.220394682163044,Very High,Самарская область,1.4281368349507004,0.0403098679550377,0.6726640816214282,1.205010544314587,378.0,3.0,136.0,79.0,4.2784810126582276,3.6666666666666665,4.357142857142857,4.735294117647059,1.1201729360621693,2.3094010767585034,1.124581518730323,0.7427206654780146,42325,13156,23393,33633,48520,15.6,10.6,3164384,552098,1799419,812867,613084,223519,182898,531314,465572,411803,736194,1452973,284309,930900,237764,1711411,267789,868519,575103,1141242,225388,733590,182264,1377325,212863,705709,458753,2039895,8471227,6331987.5,392
Rostov Oblast,0.266369038586438,0.326066712083049,0.201884057971014,0.248302867231833,Very High,Ростовская область,1.4433428536709525,0.0501283904426003,0.7579111260166285,1.2299280573579698,1262.0,27.0,227.0,364.0,4.601648351648351,4.444444444444445,4.4239302694136295,4.726872246696035,0.8515728617168954,1.219499687240422,1.1008602021446254,0.7557042056510836,46747,13225,24360,35924,53186,17.2,10.2,4192322,710490,2423911,1057921,793176,327824,247336,715980,604162,542017,961827,1954601,365651,1257722,331228,2237721,344839,1166189,726693,1307033,242079,847168,217786,1538400,228433,815630,494337,3394620,7422890,6193880.9,309
Perm Krai,0.264560204434678,0.237187580077624,0.15463768115942,0.174871187138874,Very High,Пермский край,1.3629232392442017,0.0270416748807504,0.5845084731842248,1.1308446028661976,301.0,9.0,123.0,51.0,4.627450980392157,4.777777777777778,4.3887043189368775,4.67479674796748,0.9156589826725994,0.4409585518440984,1.0886101149085856,0.8444217631537563,44936,13165,23938,34971,51282,16.6,10.6,2525149,511793,1413072,600284,568153,193268,131667,414551,363159,313086,541265,1156657,264010,722604,170043,1368492,247783,690468,430241,859148,195984,541121,122043,1051609,183876,539205,328528,1344055,5817611,7082263.8,451
Voronezh Oblast,0.217284685001851,0.211892425672339,0.182246376811594,0.192209818407371,Very High,Воронежская область,1.2504052115809303,0.0350295429923577,0.838744694823022,1.0546701765493929,1280.0,42.0,223.0,444.0,4.740990990990991,4.261904761904762,4.47421875,4.690582959641255,0.7348376518908699,1.4323700947274256,1.0384135742433225,0.7816885863402537,44971,12851,23584,34686,51212,17.1,6.9,2302617,368159,1309476,624982,410420,169011,141907,383671,322117,308011,567480,1064328,189099,684494,190735,1238289,179060,624982,434247,721287,132299,466449,122539,856213,125400,445367,285446,1609535,4949420,3561378.1,173
Khabarovsk,0.214425755855948,0.188987881325741,0.202028985507246,0.203170379754964,Very High,Хабаровский край,1.1800634006113044,0.0410463057070172,0.94218618794549,1.0056496558889916,148.0,7.0,25.0,16.0,4.5,4.142857142857143,4.29054054054054,4.92,0.7302967433402214,1.5735915849388864,1.0895507304681373,0.3999999999999999,55717,18064,31607,44919,64045,14.8,9.8,1292764,243458,764628,284678,270371,111616,76946,229029,193162,153293,258347,610097,124691,399614,85792,682667,118767,365014,198886,502610,102352,329039,71219,576207,97744,309242,169221,1097261,2931338,2698163.5,113
Volgograd Oblast,0.153322974014701,0.163356791520053,0.0887681159420289,0.0944764147564752,Very High,Волгоградская область,1.355940714990593,0.00838649333889,0.5789616103684343,1.0643057335831505,619.0,12.0,136.0,130.0,4.661538461538462,3.5833333333333335,4.319870759289176,4.654411764705882,0.7830950931182186,1.6764862244009227,1.1690905862266587,0.8289098281887927,35472,12017,20671,29022,40869,14.0,9.4,2492808,409110,1454545,629153,452843,197371,144460,420125,371126,334569,572314,1167543,210026,758925,198592,1325265,199084,695620,430561,893090,158406,585137,149547,1038141,150636,554918,332587,1425779,3831696,3084192.9,160
Irkutsk Oblast,0.149301656479328,0.164614596158774,0.0744202898550724,0.0784919145963214,Very High,Иркутская область,1.3676168082955722,0.0058413910355378,0.4984558886349428,1.0547112185289544,444.0,23.0,93.0,25.0,4.88,3.869565217391304,4.490990990990991,4.731182795698925,0.33166247903554,1.632186147641671,0.9655043056624552,0.8487815428759519,42268,13184,23412,33628,48466,15.5,13.9,2363447,518049,1331387,514011,571213,192128,129966,398675,334670,275003,461792,1086116,266202,676251,143663,1277331,251847,655136,370348,827373,199041,519942,108390,1007141,188375,519697,299069,1553341,4485123,8179680.4,255
Krasnoyarsk Krai,0.141729439686306,0.120696120649245,0.0654347826086956,0.0941656747076305,Very High,Красноярский край,1.8901796893899936,0.0061617104536949,0.4616880074706029,1.439076756329238,357.0,16.0,67.0,56.0,4.392857142857143,4.6875,4.523809523809524,4.8059701492537314,1.1548879745526115,1.0144785195688801,0.9134568540938672,0.6089933564385911,50368,14224,26218,38682,57297,17.3,14.0,2856326,569281,1659215,627830,630531,226180,180493,501491,413040,341217,563374,1328198,292589,849514,186095,1528128,276692,809701,441735,1043692,223934,681628,138130,1224776,212052,670861,341863,1714776,5743501,6702484.3,345
Stavropol Kray,0.139586760305195,0.164739595377528,0.0766666666666666,0.0901287934210246,Very High,Ставропольский край,1.5198345663392263,0.0069098741622785,0.549240246704209,1.1755929576655393,1423.0,32.0,383.0,311.0,4.720257234726688,4.71875,4.529163738580464,4.749347258485639,0.6831199285942777,0.9913944236406651,0.9585427967194242,0.7622255523848785,32171,11298,19162,26634,37123,13.2,11.2,2902455,535490,1709004,657961,598960,250429,199558,495815,405327,353111,599255,1368613,275617,881232,211764,1533842,259873,827772,446197,818728,157785,535412,125531,939902,148008,524993,266901,2581145,17392190,36108967.6,177
Saratov Oblast,0.109744031757786,0.166773957662764,0.058695652173913,0.0707327773915678,High,Саратовская область,1.600126013592538,0.0041517064990702,0.5348414053482113,1.2050769481526376,382.0,9.0,66.0,86.0,4.558139534883721,4.222222222222222,4.340314136125654,4.606060606060606,0.7911964307715649,1.3944333775567925,1.2034063227771026,0.92617971139993,32979,10503,18504,26427,37867,15.1,12.9,2431012,394826,1397115,639071,441261,188329,144071,396812,349536,332504,578499,1128282,203517,727630,197135,1302730,191309,669485,441936,852298,154175,551272,146851,1009923,144879,528586,336458,814242,3183412,4479632.3,124
Tyumen Oblast,0.105762168658609,0.0886494459409628,0.0510869565217391,0.0603531766511343,High,Тюменская область,1.5905931221605252,0.0030832601115253,0.4830362044356646,1.1813813301924168,400.0,15.0,74.0,74.0,4.77027027027027,4.866666666666666,4.49,4.824324324324325,0.562462718333397,0.3518657752744984,0.9311646842384715,0.5063462486380355,68855,16207,31901,49359,76751,20.0,10.3,3827679,856166,2284581,686932,944760,301771,228920,708252,569356,471721,602899,1816225,438373,1171481,206371,2011454,417793,1113100,480561,1457103,351739,949576,155788,1636819,335607,922860,378352,2922993,7775449,14869598.2,530
Tyumen Oblast,0.105762168658609,0.0886494459409628,0.0510869565217391,0.0603531766511343,High,Тюменская область,1.5905931221605252,0.0030832601115253,0.4830362044356646,1.1813813301924168,400.0,15.0,74.0,74.0,4.77027027027027,4.866666666666666,4.49,4.824324324324325,0.562462718333397,0.3518657752744984,0.9311646842384715,0.5063462486380355,42570,12519,22730,33174,48596,16.6,11.9,1602672,348387,900273,354012,382432,120532,91273,287871,214531,189249,316784,740437,178107,456359,105971,862235,170280,443914,248041,488737,119596,304302,64839,594213,114825,313189,166199,1388552,4081863,8311472.0,312
Udmurtiya Republic,0.100611847256702,0.0812198048762195,0.0521739130434782,0.0524169873400416,High,Удмуртская республика,1.349812063767464,0.0027347993394804,0.5185662967737904,1.004658924017465,193.0,4.0,56.0,47.0,4.76595744680851,5.0,4.6217616580310885,4.75,0.5599986784707547,0.0,0.8335060270111447,0.6674238124719146,38353,13072,22433,31442,44201,13.8,9.4,1448946,296719,806303,345924,329407,114306,78969,232128,201896,183653,308587,663772,152095,414216,97461,785174,144624,392087,248463,424526,94965,269670,59891,527645,91131,275626,160888,772119,2780518,3535801.8,213
Primorye,0.0958894547396917,0.0758885881963237,0.0731884057971014,0.0933380188103355,Very High,Приморский край,1.656426089416435,0.0068312607969883,0.7632581288086769,1.2753115441412186,355.0,14.0,53.0,96.0,4.447916666666667,4.714285714285714,4.470422535211267,4.811320754716981,0.9275864739562919,1.0690449676496976,1.0006204806935473,0.6521150138524087,54010,16537,29573,42693,61849,15.9,10.3,1841961,322405,1089242,430314,359077,154065,104441,312850,284581,238268,388679,863725,163498,571361,128866,978236,158907,517881,301448,670624,127557,447186,95881,774761,124496,416210,234055,2118237,7952384,6429772.9,118
Yaroslavl Oblast,0.0952703235870759,0.0777573265167092,0.065,0.0757852700625213,Very High,Ярославская область,1.53242811149409,0.0049260425540638,0.6822691217227871,1.165927231731097,566.0,2.0,247.0,28.0,4.357142857142857,5.0,4.519434628975265,4.5910931174089065,1.2236643728386054,0.0,0.9697059303182,0.927669527071199,43482,13947,24504,34928,49949,15.0,8.1,1205637,214396,668932,322309,239273,87874,62560,193017,174501,156681,291731,541571,110134,344148,87289,664066,104262,324784,235020,433438,91047,276889,65502,543961,86031,270587,187343,1315122,3643304,5650498.6,155
Kemerovo Oblast,0.0950548416663125,0.0958212761170242,0.0451449275362318,0.0623025502470061,High,Кемеровская область,1.8812043219157015,0.0028126441162235,0.4749355923889902,1.3800564902226096,321.0,4.0,34.0,38.0,4.5,4.5,4.5046728971962615,4.382352941176471,1.0067340828210367,1.0,1.0461880069062122,1.128547091761979,39401,12698,22269,31701,45274,14.9,10.8,2592013,498265,1463954,629794,557358,197629,148477,433163,372805,312650,569931,1186167,255491,746340,184336,1405846,242774,717614,445458,1015961,220297,642541,153123,1226837,209233,631997,385607,1423328,5871801,4835213.0,202
Altai Krai,0.0918377876380146,0.0959337754139036,0.0444202898550724,0.0491663152407379,High,Алтайский край,1.5112215377500455,0.0021839819740994,0.4836820550398953,1.106843638372241,420.0,7.0,47.0,38.0,4.473684210526316,4.857142857142857,4.416666666666667,4.617021276595745,1.108611064429896,0.37796447300922725,1.0792945337270154,0.7387766471133709,36315,11153,19923,28737,41596,15.8,13.8,2154932,424089,1182444,548399,471848,171733,127523,323311,296052,266848,497617,985906,217553,603618,164735,1169026,206536,578826,383664,561897,121221,355479,85197,693062,115549,364415,213098,1505214,6335800,11347501.1,186
Lipetsk Oblast,0.0870577309450248,0.080938556634021,0.0586231884057971,0.0635055292792712,High,Липецкая область,1.4385837862553486,0.0037228966077485,0.6733829123437235,1.0832834413522157,195.0,0.0,45.0,101.0,4.3861386138613865,,4.471794871794872,4.866666666666666,1.1042671509168691,,0.99118504465971,0.547722557505166,43655,13622,24186,34736,50058,15.5,7.0,1138140,194500,642660,300980,217654,79563,62888,185101,164626,156024,272284,521508,99508,332680,89320,616632,94992,309980,211660,321252,64003,205293,51956,396297,61427,204681,130189,425950,1390812,1777408.4,105
Omsk Oblast,0.0856404061985954,0.077433891038181,0.0330434782608695,0.0415792492634026,High,Омская область,1.7696293464042852,0.0013739230191385,0.385839812392336,1.2583193856029755,189.0,1.0,19.0,38.0,4.684210526315789,5.0,4.613756613756614,4.7368421052631575,0.8416606222994188,,0.8530428414705896,0.5619514869490163,40521,12073,21814,31724,46306,16.4,11.1,1851537,365420,1031217,454900,404061,134597,95505,303533,264059,242592,407190,854140,187703,532858,133579,997397,177717,498359,321321,616814,131045,391881,93888,744664,124401,381369,238894,1035118,3754087,2984679.2,188
Transbaikal Territory,0.0788633480427564,0.0978853257167142,0.0609420289855072,0.0489197153731878,High,Забайкальский край,1.0618797067245005,0.0029812667122355,0.7727547777006245,0.8027254127823926,68.0,5.0,0.0,13.0,4.461538461538462,4.6,4.279411764705882,,0.9674179220468452,0.5477225575051662,1.1950843127103592,,42400,13364,23637,33855,48652,15.3,15.8,1000520,220626,586897,192997,246928,91530,62009,172612,144241,110752,172448,472241,112615,302839,56787,528279,108011,284058,136210,321615,75895,209603,36117,371257,72590,204947,93720,456732,1264553,1304471.6,74
Transbaikal Territory,0.0788633480427564,0.0978853257167142,0.0609420289855072,0.0489197153731878,High,Забайкальский край,1.0618797067245005,0.0029812667122355,0.7727547777006245,0.8027254127823926,3.0,0.0,0.0,0.0,,,4.666666666666667,,,,0.5773502691896257,,42400,13364,23637,33855,48652,15.3,15.8,1000520,220626,586897,192997,246928,91530,62009,172612,144241,110752,172448,472241,112615,302839,56787,528279,108011,284058,136210,321615,75895,209603,36117,371257,72590,204947,93720,456732,1264553,1304471.6,74
Crimea,0.0777161344364389,0.0963181480115749,0.0716666666666666,0.0699355784030973,High,Республика Крым,1.2701331332042625,0.0050120497855553,0.922159435571002,0.9758452800432192,2.0,0.0,0.0,0.0,,,5.0,,,,0.0,,32842,11999,20034,27536,37946,12.4,14.2,1931091,363696,1072344,495051,401722,137966,108978,317866,269543,242258,452758,894762,184258,559671,150833,1036329,179438,512673,344218,443428,89861,279939,73628,530803,87638,264332,178833,3153224,21955418,36318786.3,144
Crimea,0.0777161344364389,0.0963181480115749,0.0716666666666666,0.0699355784030973,High,Республика Крым,1.2701331332042625,0.0050120497855553,0.922159435571002,0.9758452800432192,2.0,0.0,0.0,0.0,,,5.0,,,,0.0,,39471,14463,24121,33124,45609,12.3,9.3,547452,93079,329288,125085,103652,46331,32829,101220,81201,67419,114800,260690,47839,172162,40689,286762,45240,157126,84396,239987,44411,157965,37611,265299,42029,145073,78197,286913,1685366,2822435.3,66
Crimea,0.0777161344364389,0.0963181480115749,0.0716666666666666,0.0699355784030973,High,Республика Крым,1.2701331332042625,0.0050120497855553,0.922159435571002,0.9758452800432192,2056.0,6.0,405.0,546.0,4.663003663003663,5.0,4.64931906614786,4.718518518518518,0.81723709291833,0.0,0.8857232179572341,0.754378491667723,32842,11999,20034,27536,37946,12.4,14.2,1931091,363696,1072344,495051,401722,137966,108978,317866,269543,242258,452758,894762,184258,559671,150833,1036329,179438,512673,344218,443428,89861,279939,73628,530803,87638,264332,178833,3153224,21955418,36318786.3,144
Crimea,0.0777161344364389,0.0963181480115749,0.0716666666666666,0.0699355784030973,High,Республика Крым,1.2701331332042625,0.0050120497855553,0.922159435571002,0.9758452800432192,2056.0,6.0,405.0,546.0,4.663003663003663,5.0,4.64931906614786,4.718518518518518,0.81723709291833,0.0,0.8857232179572341,0.754378491667723,39471,14463,24121,33124,45609,12.3,9.3,547452,93079,329288,125085,103652,46331,32829,101220,81201,67419,114800,260690,47839,172162,40689,286762,45240,157126,84396,239987,44411,157965,37611,265299,42029,145073,78197,286913,1685366,2822435.3,66
Crimea,0.0777161344364389,0.0963181480115749,0.0716666666666666,0.0699355784030973,High,Республика Крым,1.2701331332042625,0.0050120497855553,0.922159435571002,0.9758452800432192,6.0,0.0,7.0,4.0,5.0,,5.0,4.714285714285714,0.0,,0.0,0.48795003647426666,32842,11999,20034,27536,37946,12.4,14.2,1931091,363696,1072344,495051,401722,137966,108978,317866,269543,242258,452758,894762,184258,559671,150833,1036329,179438,512673,344218,443428,89861,279939,73628,530803,87638,264332,178833,3153224,21955418,36318786.3,144
Crimea,0.0777161344364389,0.0963181480115749,0.0716666666666666,0.0699355784030973,High,Республика Крым,1.2701331332042625,0.0050120497855553,0.922159435571002,0.9758452800432192,6.0,0.0,7.0,4.0,5.0,,5.0,4.714285714285714,0.0,,0.0,0.48795003647426666,39471,14463,24121,33124,45609,12.3,9.3,547452,93079,329288,125085,103652,46331,32829,101220,81201,67419,114800,260690,47839,172162,40689,286762,45240,157126,84396,239987,44411,157965,37611,265299,42029,145073,78197,286913,1685366,2822435.3,66
Leningrad Oblast,0.0704565181763552,0.0628433572290173,0.0484782608695652,0.0552953007060173,High,Ленинградская область,1.543783837006661,0.0026806200124873,0.6880592757681038,1.1406205526801778,,,,,,,,,,,,,44494,15196,26058,36501,51283,13.8,7.0,2006022,280124,1221888,504010,313341,167868,120924,380773,307147,257945,458024,943187,143987,645748,153452,1062835,136137,576140,350558,624223,94436,429605,100182,722696,89417,396043,237236,8774793,36160423,13227631.8,121
Orenburg Oblast,0.0687326628102484,0.0881322616733645,0.0281159420289855,0.036832325817415,Medium,Оренбургская область,1.8723250189787872,0.0010355755374751,0.4090623130171128,1.310015712062699,181.0,1.0,39.0,59.0,4.271186440677966,4.0,4.596685082872928,4.743589743589744,1.2152835411253688,,0.9532342927858343,0.6373443553217201,36601,11267,20109,28986,41930,15.8,11.6,1855781,360892,1039313,455576,401018,148758,99145,292264,258597,247465,408534,861284,186231,538213,136840,994497,174661,501100,318736,501823,103362,323340,75121,606907,97206,320611,189090,912871,3712638,1945770.4,153
Smolensk Oblast,0.0682470697493732,0.0672073924537971,0.0484782608695652,0.0560862954260039,High,Смоленская область,1.5658675375794302,0.0027189660608693,0.710334686127831,1.1569370356933544,352.0,4.0,72.0,32.0,4.59375,5.0,4.642045454545454,4.722222222222222,0.8747119341485718,0.0,0.8720048081245798,0.7547450315158154,43716,12404,22824,33631,49751,17.2,12.3,886900,140553,502275,244072,156376,64279,46257,145442,130660,124210,219676,402440,72116,263101,67223,484460,68437,239174,176849,285693,52981,186783,45929,358576,50492,179442,128642,493297,1863858,942324.0,75
Kaliningrad Oblast,0.0676127638136051,0.0639808501196867,0.0438405797101449,0.0536504304828356,High,Калининградская область,1.6730514395092655,0.0023520659740663,0.6484068574833685,1.223761885393606,762.0,37.0,519.0,135.0,4.666666666666667,4.783783783783784,4.639107611548557,4.747591522157996,0.7726674092862559,0.7503752814845804,0.8545730682680122,0.7351286092963462,43287,14592,25150,35359,49862,14.1,10.8,1030979,183973,603185,243821,204784,87871,57538,175488,151438,133506,220354,487967,94754,317645,75568,543012,89219,285540,168253,370716,71551,239884,59281,420644,67195,220078,133371,1325935,5902659,7536169.1,117
Murmansk,0.0671544853624041,0.0516293648164698,0.0423188405797101,0.0508643898568301,High,Мурманская область,1.6490229598777668,0.0021525220055354,0.6301714673462744,1.2019325000415344,362.0,13.0,71.0,32.0,4.59375,4.923076923076923,4.56353591160221,4.830985915492958,1.042929342239073,0.2773500981126146,0.9101439325354872,0.5851963160941988,73313,24705,42585,59877,84446,14.1,7.0,665240,127773,397484,139983,141288,50679,36683,118623,106824,86818,124325,313983,65857,213176,34950,351257,61916,184308,105033,289062,61006,195099,32957,330148,57333,173101,99714,748734,2472395,3866254.4,112
Vologda Oblast,0.066766010913704,0.0524809219942375,0.0626086956521739,0.0820307304961796,Very High,Вологодская область,1.7285361129263808,0.0051358370397608,0.9377330590125642,1.310213056536202,555.0,7.0,134.0,58.0,4.379310344827586,4.428571428571429,4.481081081081081,4.656716417910448,1.0732404810043952,1.5118578920369088,0.9599858521740205,0.8326466328624328,42704,14042,24436,34593,49126,14.5,10.5,1138424,220736,630828,286860,244965,79166,60196,186226,161755,148817,257299,522210,112606,328319,81285,616214,108130,302509,205575,369359,84626,233303,51430,455622,81658,231072,142892,904547,2564029,3415530.7,106
Vologda Oblast,0.066766010913704,0.0524809219942375,0.0626086956521739,0.0820307304961796,Very High,Вологодская область,1.7285361129263808,0.0051358370397608,0.9377330590125642,1.310213056536202,1.0,0.0,0.0,0.0,,,3.0,,,,,,42704,14042,24436,34593,49126,14.5,10.5,1138424,220736,630828,286860,244965,79166,60196,186226,161755,148817,257299,522210,112606,328319,81285,616214,108130,302509,205575,369359,84626,233303,51430,455622,81658,231072,142892,904547,2564029,3415530.7,106
Tula Oblast,0.0666810321280508,0.0700058124636721,0.0434057971014492,0.0580133050285578,High,Тульская область,1.8290479811978888,0.002518113747254,0.6509466892788186,1.3365335716095144,493.0,5.0,319.0,119.0,4.831932773109243,4.2,4.533468559837728,4.7492163009404385,0.5259265871804367,1.7888543819998317,0.9485737783284286,0.6866592722824263,42341,13816,24115,34211,48688,14.7,9.1,1496690,218970,844078,433642,244623,99170,79134,243375,229770,204951,395667,676671,112301,440135,124235,820019,106669,403943,309407,487727,82721,316849,88157,609369,78309,300486,230574,1799648,6171476,2810307.8,200
Tula Oblast,0.0666810321280508,0.0700058124636721,0.0434057971014492,0.0580133050285578,High,Тульская область,1.8290479811978888,0.002518113747254,0.6509466892788186,1.3365335716095144,0.0,0.0,1.0,1.0,5.0,,,5.0,,,,,42341,13816,24115,34211,48688,14.7,9.1,1496690,218970,844078,433642,244623,99170,79134,243375,229770,204951,395667,676671,112301,440135,124235,820019,106669,403943,309407,487727,82721,316849,88157,609369,78309,300486,230574,1799648,6171476,2810307.8,200
Vladimir Oblast,0.0643350106526977,0.0747307829326066,0.039927536231884,0.0475640133930351,High,Владимирская область,1.6439126183465034,0.0018991138680842,0.620619097235041,1.191258411658594,758.0,14.0,174.0,51.0,4.294117647058823,4.642857142857143,4.596306068601583,4.781609195402299,1.1540211028756593,0.9287827316640649,0.89948587766072,0.6614974666709359,38619,13529,22969,31946,44559,13.3,9.8,1342235,219772,749208,373255,245713,97164,71619,214455,194152,182106,337026,609524,113064,392503,103957,732711,106708,356705,269298,466521,90409,300475,75637,575145,85537,283398,206210,1134860,3251101,3939690.8,170
Tver Oblast,0.0627507632915925,0.07617608639946,0.0433333333333333,0.0481592261735315,High,Тверская область,1.521161036339464,0.002086899800853,0.6905626491262012,1.1113667578507278,706.0,6.0,172.0,40.0,4.6,5.0,4.536827195467422,4.5813953488372094,0.8101914936669333,0.0,0.9817790285376743,0.9361500889195538,41193,14133,24191,33844,47487,13.7,9.3,1226038,203815,679665,342558,226048,85427,62559,198592,175949,167699,309764,558561,104241,357774,96546,667477,99574,321891,246012,417750,81368,267743,68639,518255,77730,253788,186737,3169682,9298718,7258510.6,144
Sakha,0.0616703187311453,0.0550121561740239,0.0393478260869565,0.0413179975279122,High,Республика Саха (Якутия),1.451197253621531,0.0016257733809895,0.6380350693255734,1.050070655405504,30.0,1.0,8.0,2.0,4.0,5.0,4.3,4.5,1.4142135623730951,,1.1188047809743373,1.4142135623730951,69031,18010,34173,51484,77904,18.5,15.2,997833,239899,600232,157702,266842,103164,73454,172725,129901,114790,136957,482710,122227,313130,47353,515123,117672,287102,110349,321712,76645,216175,28892,346713,73808,201718,71187,245878,673349,1088147.2,27
Belgorod Oblast,0.061603549685275,0.0784573221417366,0.0485507246376811,0.0670651743091616,High,Белгородская область,1.8693118960321184,0.0032560628106621,0.7881156992692924,1.3813423962185545,95.0,1.0,39.0,59.0,4.627118644067797,5.0,4.4,4.717948717948718,0.7167528570537277,,1.1705608766559072,0.8255370803211417,47184,14379,25761,37236,54014,16.0,6.0,1536466,258850,873576,404040,288067,111189,92234,253902,218471,208349,364254,712397,133185,456410,122802,824069,125665,417166,281238,455190,87356,295691,72143,548158,84686,286899,176573,582672,2112727,2078867.4,112
Arkhangelskaya,0.0598887991890595,0.0452278423259854,0.0342028985507246,0.0433980955648605,High,Архангельская область,1.7782854224733546,0.0014843406598995,0.5711067681078634,1.2688426245658382,95.0,2.0,30.0,12.0,4.416666666666667,5.0,4.7368421052631575,4.766666666666667,0.7929614610987593,0.0,0.5872859739765315,0.8172001541568767,56617,16988,30613,44436,64736,16.2,10.0,1016030,185226,564960,265844,208029,71419,46164,164970,152644,132057,240747,470354,96112,296943,77299,545676,89114,268017,188545,359422,74758,230909,53755,427627,71141,217644,138842,774444,2702607,1703219.0,175
Kaluga Oblast,0.0590420462891585,0.0527668577071393,0.0337681159420289,0.0408745930788236,Medium,Калужская область,1.698618809186779,0.0013802579981689,0.5719333604504409,1.2104493229351223,703.0,6.0,351.0,206.0,4.640776699029126,4.333333333333333,4.588904694167852,4.800569800569801,0.8006627612237963,1.2110601416389966,0.9044000203929482,0.6929025617747132,44538,15370,26249,36663,51357,13.6,7.5,1073252,178914,617757,276581,199223,80722,61480,184846,155136,141361,250484,509427,91593,333633,84201,563825,87321,284124,192380,377917,69162,246940,61815,427401,66374,215657,145370,771936,2422663,2948772.1,133
Ulyanovsk Oblast,0.0565139274159772,0.0567168330197936,0.0302173913043478,0.0359557334373782,Medium,Ульяновская область,1.688439433849824,0.001086488466912,0.5346892825538252,1.189901969870071,200.0,1.0,24.0,61.0,4.442622950819672,5.0,4.49,4.708333333333333,1.072762635502909,,0.9873063705591762,0.9078961186825509,35749,11849,20557,29037,41143,14.4,12.4,1191661,201949,660923,328789,223495,83486,68132,189913,160361,171492,294782,548113,103864,347853,96396,643548,98085,313070,232393,416135,82646,265117,68372,498571,77872,249250,171449,714632,2597172,2066797.4,84
Ivanovo Oblast,0.0540859621116014,0.0531684176973893,0.0305797101449275,0.0288602279071411,Medium,Ивановская область,1.337590129611351,0.0008825374041169,0.5653908879688427,0.9437704860629093,162.0,0.0,65.0,34.0,4.411764705882353,,4.5,4.769230769230769,0.7830649595262129,,1.0169373091214764,0.65596376541579,40326,13104,22908,32536,46360,14.8,10.2,924114,149869,516959,257286,167398,67142,45541,145137,137277,129736,231883,414279,77559,268456,68264,509835,72310,248503,189022,333816,65375,216120,52321,423536,60628,209454,153454,466711,1839723,2514185.4,135
Komi,0.0529842728547409,0.0491559427753576,0.0218115942028985,0.0286750288725113,Medium,Республика Коми,1.9272928655994268,0.0006254480935236,0.4116616691654163,1.3146690978094913,49.0,7.0,15.0,12.0,4.416666666666667,4.142857142857143,4.510204081632653,4.066666666666666,1.2401124093721454,1.864454471471609,1.1387575279588684,1.667618775665584,54576,16328,29456,42791,62388,16.3,11.7,734363,138514,425682,170167,154740,50069,37513,126832,114171,99461,151577,339964,70418,222128,47418,394399,68096,203554,122749,260508,54415,171984,34109,308945,52864,164079,92002,273509,1049828,1453930.7,102
Tomsk Oblast,0.0528719794594135,0.0361544615346154,0.0246376811594202,0.0318199304370611,Medium,Томская область,1.8704211822861816,0.0007839693006232,0.4659874930223295,1.2915148236218963,100.0,6.0,23.0,35.0,4.628571428571429,4.833333333333333,4.49,4.695652173913044,0.9102589898327996,0.408248290463863,0.926544574472728,0.8221248859286777,41213,13489,23516,33333,47398,14.6,11.6,1062726,201526,622135,239065,224313,97556,61155,189366,149671,123255,217410,497416,103281,319800,74335,565310,98245,302335,164730,352007,70842,231668,49497,406894,67219,225538,114137,408767,1494806,2116057.9,120
Ryazan Oblast,0.0517429755928787,0.0519746751582802,0.0331884057971014,0.0345713569702813,Medium,Рязанская область,1.464304495649035,0.0011473682240861,0.6414089142888232,1.0416697078381716,174.0,1.0,33.0,25.0,3.8,5.0,4.511494252873563,4.878787878787879,1.5275252316519465,,0.9106848451852138,0.41514875026728065,39492,12686,22276,31739,45369,15.0,10.9,1098579,174458,612415,311706,194329,77352,56950,173988,159951,152707,283302,497369,89681,318813,88875,601210,84777,293602,222831,347925,65093,224097,58735,436072,61270,217730,157072,1168812,3420867,2908260.8,94
Penza Oblast,0.0484530826054495,0.0435216029899813,0.0244927536231884,0.0313888138963889,Medium,Пензенская область,1.85709247344027,0.0007687984852883,0.5054942287703633,1.2815551235803757,92.0,0.0,29.0,11.0,4.545454545454546,,4.5978260869565215,4.413793103448276,0.5222329678670935,,0.9951506883376033,1.0527936095153947,35210,11435,19995,28403,40477,14.8,10.7,1261103,200206,705997,354900,224421,89103,67406,202707,179452,175949,322065,575307,102268,367781,105258,685796,97938,338216,249642,387662,71021,248167,68474,479330,68447,241484,169399,424217,2200011,2339266.2,104
Kursk Oblast,0.047803601886529,0.0617402391235054,0.0307971014492753,0.0357423856402375,Medium,Курская область,1.6437005795701107,0.0011007618766015,0.6442422795332059,1.1605762866712437,37.0,0.0,15.0,13.0,4.384615384615385,,4.486486486486487,4.8,0.9607689228305225,,0.9609492304088825,0.7745966692414834,42670,13660,24018,34253,49010,15.1,7.7,1078156,183564,600971,293621,204178,77689,57716,170248,152339,150924,265062,489402,94198,310259,84945,588754,89366,290712,208676,327698,65901,207800,53997,410496,62752,208895,138849,371386,1995625,1525902.2,76
Dagestan,0.0455971884161775,0.180173873913288,0.0177536231884057,0.0171956396239056,Low,Республика Дагестан,1.449447992497796,0.0003052849063664,0.3893578486981198,0.9685707216730554,731.0,12.0,200.0,104.0,4.355769230769231,4.666666666666667,4.58686730506156,4.745,1.0695999545313113,1.1547005383792515,0.9135463984352187,0.6496810195285669,39646,11707,21223,30941,45274,16.5,12.7,3186902,811054,1953845,422003,906087,349171,259716,540579,395714,367845,367790,1572559,420888,1008402,143269,1614343,390166,945443,278734,711196,175951,473136,62109,730066,158735,457530,113801,1094062,3651179,3661288.4,73
Kirov Oblast,0.0433118660734338,0.0369560190248811,0.0251449275362318,0.0280874534997076,Medium,Кировская область,1.614421524418668,0.0007062569829274,0.5805551645731317,1.1170226463860695,593.0,30.0,183.0,108.0,4.601851851851852,4.8,4.54637436762226,4.814207650273224,0.7964854436580464,0.6102571532587293,0.9217480316965512,0.5821665678209326,38005,12802,22071,31036,43775,14.1,10.6,1149176,198538,617040,333598,220168,69903,51105,181791,166936,155666,303607,525107,101719,323981,99407,624069,96819,293059,234191,403709,82753,251843,69113,491945,78704,240376,172865,733738,2979440,2786766.9,135
Kirov Oblast,0.0433118660734338,0.0369560190248811,0.0251449275362318,0.0280874534997076,Medium,Кировская область,1.614421524418668,0.0007062569829274,0.5805551645731317,1.1170226463860695,3.0,0.0,0.0,0.0,,,5.0,,,,0.0,,38005,12802,22071,31036,43775,14.1,10.6,1149176,198538,617040,333598,220168,69903,51105,181791,166936,155666,303607,525107,101719,323981,99407,624069,96819,293059,234191,403709,82753,251843,69113,491945,78704,240376,172865,733738,2979440,2786766.9,135
Chuvashia,0.0423103303853787,0.0385950712808044,0.0205072463768115,0.024567259407432,Medium,Чувашия,1.7670898305825644,0.0005038068414712,0.4846865101270456,1.19797943400199,200.0,3.0,39.0,33.0,4.242424242424242,5.0,4.535,4.6923076923076925,1.225517825000493,0.0,1.0217607229064796,0.8930682225913256,32313,10613,18477,26166,37170,14.6,13.9,1183908,231514,664025,288369,255742,86261,62581,188179,165256,167838,258051,548713,119000,344807,84906,635195,112514,319218,203463,336956,81638,209678,45640,421106,77308,222922,120876,670040,2289308,2595568.0,89
Astrakhan Oblast,0.0407655374604696,0.0516590521309241,0.0221739130434782,0.0271063454819376,Medium,Астраханская область,1.7891402876187148,0.0006010537476429,0.5439377087811065,1.222443031538366,142.0,0.0,5.0,6.0,4.666666666666667,,4.661971830985915,5.0,0.5163977794943223,,0.8742763892926755,0.0,36465,12038,20917,29578,41958,14.5,12.5,957772,203640,543830,210302,225214,75953,56253,160143,132511,119067,188631,449662,104228,280239,65195,508110,99412,263591,145107,284004,65420,177187,41397,331754,62480,173692,95582,705067,2637914,3372313.1,103
Yamalo-Nenets,0.0402556647465507,0.0258560883994475,0.0213768115942028,0.0302330501394743,Medium,Ямало-Ненецкий автономный округ,2.0775177440536017,0.0006462862167496,0.5310261730564136,1.4142918370330415,5.0,1.0,1.0,0.0,,5.0,3.8,5.0,,,1.6431676725154984,,139638,29742,60609,96180,153479,21.4,4.0,511244,118576,329920,62748,131730,40492,33263,99404,87889,65964,52502,249206,60586,169908,18712,262038,57990,160012,44036,210696,48146,146245,16305,222313,46148,137928,38237,318734,703114,2475212.7,39
Yamalo-Nenets,0.0402556647465507,0.0258560883994475,0.0213768115942028,0.0302330501394743,Medium,Ямало-Ненецкий автономный округ,2.0775177440536017,0.0006462862167496,0.5310261730564136,1.4142918370330415,156.0,10.0,26.0,27.0,4.666666666666667,4.2,4.314102564102564,4.923076923076923,0.8770580193070293,1.0327955589886444,1.1957154002708987,0.271746488194703,139638,29742,60609,96180,153479,21.4,4.0,511244,118576,329920,62748,131730,40492,33263,99404,87889,65964,52502,249206,60586,169908,18712,262038,57990,160012,44036,210696,48146,146245,16305,222313,46148,137928,38237,318734,703114,2475212.7,39
Bryansk Oblast,0.0388929692194698,0.0416200523746726,0.021231884057971,0.0241580675560992,Medium,Брянская область,1.6725334184652092,0.0005129212894157,0.5459054549978233,1.1378202466695195,80.0,0.0,12.0,8.0,4.0,,4.45,4.916666666666667,1.1952286093343936,,1.2314445566904473,0.28867513459481287,40161,12749,22488,32146,46104,15.2,11.4,1164635,200373,659068,305194,223666,83589,67801,184970,165684,163616,275309,533625,102837,344015,86773,631010,97536,315053,218421,363213,72306,231843,59064,446427,68664,222849,154914,582488,2520420,1728119.8,98
Karelia,0.0384043412019642,0.0297670014562408,0.0267391304347826,0.0251926248247349,Medium,Республика Карелия,1.3533540014420151,0.0006736288811831,0.6962528088729464,0.9421632048274844,672.0,13.0,134.0,63.0,4.523809523809524,4.769230769230769,4.583333333333333,4.813432835820896,1.0603885906278137,0.5991446895152781,0.9259733939369879,0.6272977066340102,52984,17118,29992,42666,60890,14.9,11.1,532384,91510,293919,146955,102885,34955,23576,85219,80048,72997,132704,238824,46580,151836,40408,293560,44930,142083,106547,186861,38023,119218,29620,235958,36705,117391,81862,1159048,2389624,5480804.4,136
Pskov Oblast,0.0368109889709676,0.0275107655577152,0.0297826086956521,0.0328141050475538,Medium,Псковская область,1.5656747765992105,0.0009772896503293,0.8090684202790992,1.1017874687499842,420.0,4.0,157.0,62.0,4.580645161290323,4.75,4.519047619047619,4.821656050955414,0.9503819266229829,0.5,0.9176701055106989,0.5371241645282799,38716,12411,21810,31093,44472,15.0,13.1,596899,98042,330426,168431,109669,44292,29791,93976,84576,82654,151941,271322,50416,173774,47132,325577,47626,156652,121299,188089,36847,121118,30124,235128,35084,115805,84239,1587931,4638187,2611635.8,68
Amur Oblast,0.0362343472111783,0.0307623077355766,0.024927536231884,0.0244038176225103,Medium,Амурская область,1.4161539854793548,0.0006083270479814,0.687953230855884,0.978990358112334,93.0,3.0,11.0,10.0,3.6,4.0,4.010752688172043,4.7272727272727275,1.6465452046971292,1.0,1.347256662354653,0.6466697906828632,53913,14950,27742,41130,61224,17.6,11.9,763570,154011,448161,161398,172916,67450,43799,130473,113919,88978,146035,361556,78977,233348,49231,402014,75034,214813,112167,242519,52174,158863,31482,277979,49825,152747,75407,523275,1596606,2045945.5,59
Tambov Oblast,0.0332297401470133,0.0414606783707601,0.019927536231884,0.0223124237119496,Medium,Тамбовская область,1.6563334796772071,0.000444631631941,0.599689800272937,1.1196779899087468,110.0,0.0,42.0,25.0,4.96,,4.6,4.571428571428571,0.2,,0.9005604778758208,1.1292746893656176,38945,12549,22009,31333,44750,14.9,10.3,979171,138830,552146,288195,156543,70265,52831,150883,142041,144000,262608,451735,71456,291728,88551,527436,67374,260418,199644,265509,43024,171381,51104,324138,40835,165059,118244,330484,1297627,1068648.3,53
Buryatiya Republic,0.0308381943222031,0.0339904125599215,0.0132608695652173,0.0154662492957194,Low,Бурятия,1.7970319659674974,0.0002050959145736,0.4300144628010741,1.166307323939504,202.0,8.0,22.0,32.0,4.3125,5.0,4.51980198019802,4.409090909090909,1.229673442094912,0.0,1.04243494154755,1.0537502599713133,38263,11965,21227,30468,43882,15.5,17.7,977951,236220,554161,187570,262656,87557,58567,166324,130268,105469,167110,458813,121123,282929,54761,519138,115097,271232,132809,264506,68531,165931,30044,314056,65165,169236,79655,820586,2400893,3149953.3,46
Sakhalin Oblast,0.0294724638384917,0.0180030124811719,0.0205797101449275,0.0300304328821375,Medium,Сахалинская область,2.151683618748596,0.000618017604241,0.6982690777976267,1.4592252597658388,12.0,0.0,0.0,1.0,5.0,,4.333333333333333,,,,1.3706888336846839,,43127,15148,25691,35706,49765,13.2,18.3,149580,30337,86408,32835,33622,12075,8900,25125,22666,17461,29731,70237,15526,45004,9707,79343,14811,41404,23128,47908,10667,30370,6871,57969,10247,30451,17271,60521,242823,398395.9,5
Sakhalin Oblast,0.0294724638384917,0.0180030124811719,0.0205797101449275,0.0300304328821375,Medium,Сахалинская область,2.151683618748596,0.000618017604241,0.6982690777976267,1.4592252597658388,12.0,0.0,0.0,1.0,5.0,,4.333333333333333,,,,1.3706888336846839,,87016,23149,43614,65373,98406,18.2,6.3,466009,82651,276198,107160,91629,35087,26180,81153,75752,58359,97849,222622,41962,146634,34026,243387,40689,129564,73134,183055,34888,121110,27057,201322,33797,108479,59046,311692,1137979,2371813.2,38
Sakhalin Oblast,0.0294724638384917,0.0180030124811719,0.0205797101449275,0.0300304328821375,Medium,Сахалинская область,2.151683618748596,0.000618017604241,0.6982690777976267,1.4592252597658388,65.0,2.0,16.0,11.0,4.909090909090909,4.5,4.369230769230769,4.6875,0.30151134457776363,0.7071067811865476,0.9932464253841852,1.0144785195688801,43127,15148,25691,35706,49765,13.2,18.3,149580,30337,86408,32835,33622,12075,8900,25125,22666,17461,29731,70237,15526,45004,9707,79343,14811,41404,23128,47908,10667,30370,6871,57969,10247,30451,17271,60521,242823,398395.9,5
Sakhalin Oblast,0.0294724638384917,0.0180030124811719,0.0205797101449275,0.0300304328821375,Medium,Сахалинская область,2.151683618748596,0.000618017604241,0.6982690777976267,1.4592252597658388,65.0,2.0,16.0,11.0,4.909090909090909,4.5,4.369230769230769,4.6875,0.30151134457776363,0.7071067811865476,0.9932464253841852,1.0144785195688801,87016,23149,43614,65373,98406,18.2,6.3,466009,82651,276198,107160,91629,35087,26180,81153,75752,58359,97849,222622,41962,146634,34026,243387,40689,129564,73134,183055,34888,121110,27057,201322,33797,108479,59046,311692,1137979,2371813.2,38
Kostroma Oblast,0.0273055048043363,0.0301029368566446,0.0183333333333333,0.0210386825310411,Medium,Костромская область,1.7117997633865512,0.0003857091797357,0.671415286577007,1.147564501693153,338.0,5.0,128.0,29.0,4.586206896551724,5.0,4.556213017751479,4.734375,0.682288239221013,0.0,0.9203146679369756,0.8275223906859648,43636,14280,24896,35291,50185,14.6,9.5,577996,107714,307707,162575,120716,36905,25641,88444,80620,78735,146935,262672,55082,160375,47215,315324,52632,147332,115360,190698,41522,117654,31522,235848,39967,114021,81860,454685,1203106,2283873.1,66
North Ossetia–Alania,0.0265133811237837,0.0283982600108749,0.0113043478260869,0.016104134876411,Low,Северная Осетия - Алания,2.230320807390635,0.0001820467420811,0.4263638716356092,1.4245965467594417,237.0,15.0,28.0,11.0,4.636363636363637,4.6,4.472573839662447,4.714285714285714,0.6741998624632424,1.0555973258234954,1.047741173963218,0.8544932592822077,34561,11149,19546,27816,39715,14.9,12.3,685393,137242,399059,149092,152768,66923,44863,106938,92491,87654,133756,319827,70571,203746,45510,365566,66671,195313,103582,197724,42578,126833,28313,235508,40361,126095,69052,354239,820637,1168706.9,22
Kurgan Oblast,0.0249534134157222,0.0248982818857382,0.0113768115942029,0.0143020991538372,Low,Курганская область,1.9668768194100288,0.0001627122874748,0.455922057822951,1.2571271867704037,34.0,0.0,2.0,3.0,4.666666666666667,,4.205882352941177,5.0,0.5773502691896257,,1.273968073542825,0.0,33596,10792,18950,27000,38596,15.0,15.5,772332,153408,399807,219117,170003,50384,33386,109378,105886,105094,198201,351758,78869,208307,64582,420574,74539,191500,154535,219448,49841,132970,36637,274784,47458,132770,94556,320969,1182909,1248823.9,65
Oryol oblast,0.0247864908010464,0.0289779438878507,0.015,0.0155723484082441,Low,Орловская область,1.57998777584818,0.0002335852261236,0.6051683604750839,1.0381565605496066,33.0,0.0,6.0,6.0,4.0,,4.333333333333333,4.666666666666667,0.6324555320336759,,1.1902380714238086,0.5163977794943221,48401,13445,24934,36949,54974,17.5,10.9,710023,116682,396230,197111,130126,49974,40652,111118,101534,97562,179057,322887,60039,204803,58045,387136,56643,191427,139066,211446,38299,135952,37195,261869,36513,132651,92705,367136,1275464,730051.1,76
Novgorod Oblast,0.0240095419036462,0.0257639014756157,0.0169565217391304,0.0142264857569552,Low,Новгородская область,1.2613255273527495,0.0002412317150092,0.706240952333843,0.8389978779742827,422.0,12.0,118.0,18.0,4.444444444444445,4.416666666666667,4.601895734597156,4.88135593220339,1.1490262999202832,0.6685579234215215,0.7784485505622701,0.5573056600512791,38889,12984,22462,31664,44774,14.2,11.6,581578,103944,318097,159537,115946,41855,28963,92102,81927,77622,143163,261063,53836,164076,43151,320515,50108,154021,116386,186511,40749,117760,28002,238272,37888,117173,83211,2413687,7899208,3049016.1,64
Mordoviya Republic,0.0238395843323398,0.0256482771982675,0.0107246376811594,0.0132534769561833,Low,Республика Мордовия,1.9449522136145103,0.0001421387383706,0.4498668068893633,1.2357971756441208,87.0,1.0,13.0,20.0,4.35,5.0,4.609195402298851,4.846153846153846,1.0399898784932577,,0.9067745269742158,0.37553380809940545,30612,9781,17210,24557,35157,15.1,14.1,781440,114783,449377,217280,129607,62187,42749,123581,110962,115870,196484,362586,58489,239546,64551,418854,56294,209831,152729,223766,39491,147661,36614,271956,38315,141106,92535,217171,772445,867595.8,32
Mariy-El Republic,0.0207317887427388,0.0187248829694814,0.0114492753623188,0.0142557237772818,Low,Марий Эл,1.9468543916642065,0.0001632177070152,0.5522569954958108,1.2451201780157566,113.0,3.0,28.0,13.0,4.769230769230769,4.666666666666667,4.6371681415929205,4.642857142857143,0.5991446895152781,0.5773502691896258,0.7799032323520161,0.9893613995077729,29733,10166,17425,24401,34271,13.8,15.4,676351,132939,376367,167045,147312,49793,36576,114379,88461,90046,149784,315087,67911,196860,50316,361264,65028,179507,116729,210145,48152,129514,32479,253237,46226,128709,78302,229656,1085519,1039690.9,51
Kabardino-Balkariya Republic,0.020668054653499,0.0343997850013437,0.0097826086956521,0.0120309389945289,Low,Кабардино-Балкарская Республика,1.9534368420823185,0.0001176939684247,0.4733202451637615,1.2298293194407326,343.0,7.0,38.0,35.0,4.8,4.857142857142857,4.545189504373178,4.7894736842105265,0.6324555320336757,0.37796447300922725,0.9749037479588719,0.7409962153618967,38681,11749,21076,30491,44270,16.0,14.8,904338,199410,539605,165323,220387,88817,64226,152460,115327,116700,146421,429493,101960,275236,52297,474845,97450,264369,113026,217057,47909,140122,29026,252388,46229,141261,64898,394611,2566148,1897075.6,18
Kamchatka,0.0202553005517551,0.0179670752057799,0.0158695652173913,0.0193120729610306,Low,Камчатский край,1.8416511232628812,0.000306474201338,0.7834771533921386,1.2169251454895995,79.0,0.0,15.0,6.0,5.0,,4.6075949367088604,4.266666666666667,0.0,,0.7581644757450237,1.162919151265879,84661,24794,45088,65878,96614,16.7,10.9,292574,56848,179192,56534,63074,23158,16971,54569,46261,37861,50680,142988,29064,96275,17649,149586,27784,82917,38885,110953,22770,75219,12964,117075,21674,66022,29379,309863,779904,3148948.6,114
Khakasiya Republic,0.0171808894850892,0.0200858119636752,0.0063768115942028,0.0067921517296383,Low,Республика Хакасия,1.765807815606452,4.331227189914323e-05,0.3711572442007232,1.0651328848751112,82.0,0.0,10.0,23.0,4.869565217391305,,4.390243902439025,4.9,0.45769658728016016,,1.0153889671411593,0.31622776601683783,34979,12151,20698,28856,40346,13.5,16.9,532988,116811,297354,118823,128990,38505,28700,91474,77132,61195,106992,245046,60155,149370,35521,287942,56656,147984,83302,164431,40122,100509,23800,200584,37891,104705,57988,410955,1553451,745496.8,51
Adygeya Republic,0.0153993699430035,0.0132686670708308,0.0097826086956521,0.0109697111132445,Low,Адыгея,1.7811276281391153,0.0001073123913252,0.6352603211598776,1.1213482471316605,532.0,0.0,29.0,15.0,4.6,,4.657894736842105,4.758620689655173,0.9102589898327995,,0.8523114048838222,0.8304547985373996,42595,11384,21412,32055,48193,18.2,12.3,498285,98262,286770,113253,108950,42259,32631,82404,68289,61340,102412,233517,50265,147331,35921,264768,47997,139439,77332,112785,24317,71846,16622,133650,23902,72050,37698,363854,976202,979965.0,28
Chechnya,0.0142430514667945,0.0738854757157767,0.006231884057971,0.0079368005557677,Low,Чеченская республика,2.116236329728026,4.946122085478468e-05,0.4375385480070543,1.2735796240650632,129.0,2.0,10.0,8.0,4.75,5.0,4.488372093023256,4.6,0.7071067811865478,0.0,1.0466932981848678,1.2649110640673518,35692,10459,19016,27779,40734,16.6,19.1,1514603,494014,871519,149070,551356,194777,108853,239511,160714,130036,129356,759169,254222,454734,50213,755434,239792,416785,98857,291564,100513,174896,16155,286217,94811,158626,32780,306050,756211,778052.1,17
Magadan Oblast,0.0111079412675192,0.0058562133986662,0.007391304347826,0.0114326159778729,Low,Магаданская область,2.526692678212632,8.450194418427788e-05,0.6654072226182037,1.5467656911239822,6.0,0.0,7.0,0.0,,,3.6666666666666665,5.0,,,1.2110601416389968,0.0,110218,29439,55384,82928,124698,18.2,6.7,135907,24995,84617,26295,27987,9868,7992,24556,23733,18477,23294,66125,12851,45194,8080,69782,12144,39423,18215,63505,12393,43493,7619,67482,11699,38452,17331,142781,335651,680505.1,7
Republic of Tyva,0.0077603841041111,0.0072890169436441,0.0031159420289855,0.0050704501212898,Low,Тыва,2.89799884977838,1.5799228638801796e-05,0.4015190468903202,1.627260736600015,7.0,0.0,0.0,0.0,,,4.285714285714286,,,,1.496026483086191,,28920,8516,15455,22548,33018,16.6,25.9,336251,113268,188579,34404,123760,31030,23709,54155,41681,33409,28507,158961,57751,91897,9313,177290,55517,96682,25091,84953,30145,50094,4714,99361,29105,56566,13690,75248,312479,256466.6,11
Kalmykiya Republic,0.0076359508822618,0.0102374360160249,0.0030434782608695,0.0030537027787731,Low,Республика Калмыкия,1.791098787479473,9.293878022352927e-06,0.3985722679200934,1.0033594844540237,67.0,0.0,11.0,2.0,3.5,,4.447761194029851,4.7272727272727275,2.1213203435596424,,1.0770833524701093,0.9045340337332909,27080,9842,16468,22667,31284,12.5,20.6,266432,58638,150417,57377,65218,21450,15977,44381,32699,36261,50446,128434,30319,80142,17973,137998,28319,70275,39404,56734,14861,34069,7804,67911,13897,34878,19136,93845,220139,169440.4,13
Ingushetiya Republic,0.0047041827772281,0.0166155211529927,0.001231884057971,0.0016193032717578,Low,Ингушетия,2.5686289611050293,1.9947938854988182e-06,0.2618699392239356,1.3144932441328638,6.0,0.0,1.0,2.0,5.0,,4.166666666666667,5.0,0.0,,1.3291601358251257,,24367,8660,14620,20251,28130,13.0,26.8,511316,145814,320469,45033,164492,72769,44635,79118,59000,51741,39561,254445,74458,164380,15607,256871,71356,156089,29426,139712,39881,91507,8324,140579,38572,86416,15591,72737,115616,146580.8,4
Altai,0.004258044152549,0.0059187130080436,0.0031884057971014,0.0024669438992246,Low,Республика Алтай,1.374764548184538,7.865618229411873e-06,0.7487958515396592,0.7737233138477303,618.0,1.0,67.0,15.0,4.533333333333333,4.0,4.622977346278317,4.776119402985074,1.1254628677422756,,0.8830785638272303,0.6924023948803196,34244,10493,18759,27076,39216,15.9,18.0,210808,57670,116027,37111,64155,18608,11385,32833,28118,22890,32819,99464,29439,58616,11409,111344,28231,57411,25702,29399,7988,18302,3109,35964,7604,20574,7786,1037722,3125812,3572763.6,39
Nenets,0.0040638069281989,0.0016062399610002,0.0017391304347826,0.0024574466513276,Low,Ненецкий автономный округ,2.6675878315271526,4.273820263178553e-06,0.4279559697373105,1.413031824513423,2.0,0.0,0.0,0.0,,,5.0,,,,0.0,,138245,34598,66636,101486,155278,19.2,5.2,47906,10559,31149,6198,11941,3930,3165,9001,8037,6656,5176,23907,5351,16684,1872,23999,5208,14465,4326,16424,3356,11713,1355,16535,3298,10205,3032,47999,241992,216233.0,3
Karachayevo-Cherkesiya Republic,0.0030531663702525,0.0021452990918806,0.0014492753623188,0.0021660386781785,Low,Карачаево-Черкесская республика,2.8734272576460205,3.1391864901137814e-06,0.4746794594750351,1.4945666879431727,566.0,4.0,14.0,10.0,5.0,3.5,4.703180212014134,4.928571428571429,0.0,1.9148542155126762,0.8137472326322175,0.2672612419124243,25511,9253,15494,21340,29470,12.6,21.5,469096,99780,275519,93797,111213,43800,32132,77609,61794,58409,84139,220961,50985,139326,30650,248135,48795,136193,63147,88208,20004,55512,12692,105708,19036,59405,27267,923044,2919037,990164.0,14
Karachayevo-Cherkesiya Republic,0.0030531663702525,0.0021452990918806,0.0014492753623188,0.0021660386781785,Low,Карачаево-Черкесская республика,2.8734272576460205,3.1391864901137814e-06,0.4746794594750351,1.4945666879431727,109.0,0.0,0.0,0.0,,,4.36697247706422,,,,1.1836896995374375,,25511,9253,15494,21340,29470,12.6,21.5,469096,99780,275519,93797,111213,43800,32132,77609,61794,58409,84139,220961,50985,139326,30650,248135,48795,136193,63147,88208,20004,55512,12692,105708,19036,59405,27267,923044,2919037,990164.0,14
