"регион","средний доход","column_20% персентиль дохода","column_40% персентиль дохода","column_60% персентиль дохода","column_80% персентиль дохода","column_100% персентиль дохода","доля населения с среднедушевые доходом ниже медианы","численность населения с денежными доходами ниже границы бедност","население","моложе трудоспо-собного возраста","в трудоспо-собном возрасте","старше трудоспо-собного возраста","a","b","c","d","e","f","g","h","i","j","k","l","m","n","p","q","r","s","< 18","t","q.1","r.1","s.1","t.1","u","v","w","column_18 <= x <= 25","x","y","z","aa","ab","column_25 < x <= 30","ac","ad","ae","af","ag","ah","ai","aj","ak","al","column_30 < x <= 40","am","an","aq","ar","as","at","aq.1","av","ax","az","column_41 < x <= 50","ba","bb","bc","bd","be","bf","bg","bh","bi","bj","column_51 < x <= 60","bk","bl","bm","bn","bo","bp","bq","bv","bw","bx","by","bz","ca","cb","cd","ce","cf","cg","ch","ci","cj","ck","cl","cm","cn","co","cp","cr","cs","ct","cq","cu","cv","cw","cx","cy","cz","da","db","dc","> 60","мужчины","мужчины моложе трудоспо-собного возраста","мужчины трудоспо-собного возраста","мужчины старше трудоспо-собного возраста","женщины","женщины моложе трудоспо-собного возраста","женщины трудоспо-собного возраста","женщины старше трудоспо-собного возраста","городские мужчины","городские мужчины моложе трудоспо-собного возраста","городские мужчины в трудоспо-собном возрасте"," городские мужчины старше трудоспо-собного возраста","городские женщины","городские женщины моложе трудоспо-собного возраста","городские женщины в трудоспо-собном возрасте","городские женщины старше трудоспо-собного возраста","оценка туристского потока (число поездок)","оценка туристского потока (число ночевок)","доход от гостиниц/отелей/хостелов в год (тыс)","число турфирм"
"        Тульская область","42341","13816","24115","34211","48688","90875","14.7000000000","9.1000000000","1496690","218970","844078","433642","10107","10728","11456","12465","13491","15555","16221","14832","14867","15193","14424","14169","14811","14470","13428","12753","12592","13061","244623","13008","12711","12055","12193","11738","12454","11903","13108","99170","14429","14607","15111","16383","18604","79134","21660","23247","24086","26127","25758","25084","24808","25287","23874","23444","243375","24594","23147","23071","22669","23170","23511","23105","22095","22542","21866","229770","22383","19713","19463","18288","19047","19847","19429","21807","21885","23089","204951","25112","24050","24306","24268","23485","22488","22075","19463","20072","18809","18413","19194","15496","13553","11560","7325","4982","4024","6822","9595","9074","9700","8728","7736","5439","3924","2652","2350","2592","1963","1807","1246","1042","804","544","397","241","177","86","73","395667","676671","112301","440135","124235","820019","106669","403943","309407","487727","82721","316849","88157","609369","78309","300486","230574","1799648","6171476","2810307.8000000000","200"
"        Тюменская область без авт. округов","42570","12519","22730","33174","48596","95829","16.6000000000","11.9000000000","1602672","348387","900273","354012","18473","18907","19384","21247","22254","23810","24874","25012","24012","24069","22761","22441","22009","21120","19657","18357","17395","16650","382432","16673","16270","14561","14651","14090","14275","14424","15588","120532","16567","16425","16614","19473","22194","91273","25884","27254","28898","30966","31603","30535","29654","29620","28126","25331","287871","24894","23628","22793","22299","22272","21579","20504","19287","19225","18050","214531","18429","17340","17149","16756","17292","18007","19000","20904","21742","22630","189249","23772","22801","21578","21252","19557","20556","19852","17458","16994","16060","13641","14170","10143","9835","8338","4757","3193","3069","3956","5909","5970","6300","5447","4708","3737","2954","2166","1974","1879","1243","1035","738","586","348","266","211","173","95","42","21","316784","740437","178107","456359","105971","862235","170280","443914","248041","488737","119596","304302","64839","594213","114825","313189","166199","1388552","4081863","8311472.0000000000","312"
"        Республика Адыгея ","42595","11384","21412","32055","48193","99929","18.2000000000","12.3000000000","498285","98262","286770","113253","5307","5283","5054","5519","5869","6455","6947","6766","6491","6646","6376","6978","6484","6498","6190","5399","5572","5116","108950","4936","4791","4805","5714","5525","5679","5016","5793","42259","6294","5767","5973","6960","7637","32631","9029","8865","8049","8386","8849","9103","7878","7826","7410","7009","82404","8694","7453","7085","6209","6795","7244","6277","6154","6216","6162","68289","6566","5797","6099","5401","5566","6417","5797","6285","6575","6837","61340","7845","6746","6589","6029","6102","5805","5567","4961","5140","4777","4994","4429","3657","3326","2732","1872","1058","1329","1726","2343","2635","2518","2320","2029","1486","1102","602","419","468","414","410","345","229","159","103","72","39","17","14","4","102412","233517","50265","147331","35921","264768","47997","139439","77332","112785","24317","71846","16622","133650","23902","72050","37698","363854","976202","979965.0000000000","28"
"        Магаданская область","110218","29439","55384","82928","124698","258642","18.2000000000","6.7000000000","135907","24995","84617","26295","1185","1304","1277","1432","1571","1643","1699","1744","1803","1816","1730","1591","1594","1611","1568","1427","1483","1509","27987","1286","1249","1113","1183","1227","1290","1207","1313","9868","1497","1315","1565","1673","1942","7992","2119","2204","2449","2548","2545","2543","2534","2640","2523","2451","24556","2604","2552","2573","2329","2407","2337","2334","2252","2178","2167","23733","2122","1919","1797","1709","1714","1758","1785","1941","1850","1882","18477","1891","1838","1882","1651","1560","1494","1559","1317","1386","1249","1114","1137","872","708","596","343","280","224","309","326","349","283","252","201","123","88","57","32","49","18","28","24","11","16","9","5","3","5","2","3","23294","66125","12851","45194","8080","69782","12144","39423","18215","63505","12393","43493","7619","67482","11699","38452","17331","142781","335651","680505.1000000000","7"
"        Республика Саха (Якутия)","69031","18010","34173","51484","77904","163583","18.5000000000","15.2000000000","997833","239899","600232","157702","12225","13351","12817","13480","13858","15389","16548","17008","16604","16614","16056","16303","16113","15342","15042","13149","13198","13745","266842","13293","12887","12637","13486","12454","12600","12382","13425","103164","14039","14327","14368","14868","15852","73454","17534","17996","17875","18702","18178","17944","17005","16822","16085","14584","172725","14785","13901","14109","13112","13073","12755","12596","12045","12102","11423","129901","11870","11132","10894","11043","11103","11650","11117","11836","11762","12383","114790","12329","11215","10840","9958","9867","8852","8461","7755","7392","6383","5974","5436","4235","3992","3274","2472","1757","1252","1572","1806","1796","1931","1659","1485","1136","1024","661","565","529","364","294","214","148","102","58","68","33","24","10","34","136957","482710","122227","313130","47353","515123","117672","287102","110349","321712","76645","216175","28892","346713","73808","201718","71187","245878","673349","1088147.2000000000","27"
"        Амурская область","53913","14950","27742","41130","61224","124518","17.6000000000","11.9000000000","763570","154011","448161","161398","7332","7725","7863","8711","9350","10157","10563","10828","10988","11226","10692","10197","9655","10160","9838","8726","9633","9272","172916","9634","9136","8454","8811","7914","8027","7220","8254","67450","8745","8018","8187","8853","9996","43799","12835","12974","12708","13501","13745","13663","12658","13253","13118","12018","130473","13353","12255","12167","10868","12111","12034","10713","10086","10449","9883","113919","10325","9197","8730","7676","8043","8787","8327","9412","8810","9671","88978","10661","10018","9873","8975","9440","9322","9227","8183","8422","7724","7500","6908","5235","5063","4056","2553","1742","1695","2197","2720","2775","2486","2152","1856","1433","1031","610","462","479","333","278","211","167","87","58","47","28","12","8","8","146035","361556","78977","233348","49231","402014","75034","214813","112167","242519","52174","158863","31482","277979","49825","152747","75407","523275","1596606","2045945.5000000000","59"
"        Курская область","42670","13660","24018","34253","49010","92409","15.1000000000","7.7000000000","1078156","183564","600971","293621","8793","9172","9326","10377","10830","12685","13135","13197","13182","13503","13110","11648","11247","12107","11402","9850","10018","10596","204178","10351","9745","9650","10081","9409","9664","8892","9897","77689","10498","10724","11375","11966","13153","57716","15396","16446","17360","18282","17889","17197","17516","17916","16628","15618","170248","16563","15291","15260","15326","15870","15669","14886","14428","14718","14328","152339","14918","13590","13757","13400","14369","14735","14609","16843","16928","17775","150924","19095","17788","18342","17057","17054","15679","15015","13232","13216","12221","11594","12155","9315","7835","7314","3783","2911","3072","4413","6144","5746","6095","5827","4526","3850","2597","1473","1342","1632","1210","1054","776","575","391","263","207","115","73","46","29","265062","489402","94198","310259","84945","588754","89366","290712","208676","327698","65901","207800","53997","410496","62752","208895","138849","371386","1995625","1525902.2000000000","76"
"        Ростовская область","46747","13225","24360","35924","53186","107039","17.2000000000","10.2000000000","4192322","710490","2423911","1057921","35697","36473","37720","41023","43435","48999","51262","51038","49183","49622","46231","46584","43624","45496","43461","40642","42338","40348","793176","42258","42598","39566","44312","39087","39321","38050","42632","327824","47539","44720","46232","52174","56671","247336","71229","71460","70524","73509","75158","77301","70683","73304","68068","64744","715980","74735","64730","62348","57376","61036","63032","57554","54309","56035","53007","604162","59155","50450","52192","47550","49546","55515","51313","58276","57488","60532","542017","69521","60758","59872","55820","55678","54683","53611","49159","49797","44129","45440","45117","35239","31438","28097","17997","10755","13017","16924","23182","24496","23242","21365","18747","13446","10661","5535","4063","4912","3554","3376","2357","1957","1337","986","646","443","239","134","97","961827","1954601","365651","1257722","331228","2237721","344839","1166189","726693","1307033","242079","847168","217786","1538400","228433","815630","494337","3394620","7422890","6193880.9000000000","309"
"        Смоленская область","43716","12404","22824","33631","49751","99971","17.2000000000","12.3000000000","886900","140553","502275","244072","6101","6507","7103","7788","8680","9791","9982","10119","10021","9964","9915","9148","9040","9604","9076","7714","7838","7985","156376","8376","8348","8184","8375","8068","7842","7243","7843","64279","8426","8670","8423","9687","11051","46257","12948","13902","14844","16021","15845","15010","14443","14854","13925","13650","145442","14672","13626","13645","13067","13218","12981","12668","12349","12293","12141","130660","12195","11316","11395","11242","11724","11829","12655","13323","13814","14717","124210","15303","14055","14868","14380","14035","13303","12525","11242","11052","10018","10608","10141","8304","7389","5671","3256","2858","2221","3538","4598","4408","4524","4363","3898","2819","2085","1291","1225","1330","1021","1053","666","576","316","273","182","119","75","41","46","219676","402440","72116","263101","67223","484460","68437","239174","176849","285693","52981","186783","45929","358576","50492","179442","128642","493297","1863858","942324.0000000000","75"
"        Республика Крым","32842","11999","20034","27536","37946","66695","12.4000000000","14.2000000000","1931091","363696","1072344","495051","18005","18467","19533","20787","21467","23526","25051","24467","25168","25511","24631","24431","24707","24401","22664","20880","19225","18801","401722","18009","16866","16530","16873","16711","17193","17364","18420","137966","18960","20518","21176","22892","25432","108978","28040","29695","30684","33338","34094","33858","33746","33565","31010","29836","317866","29633","28767","28356","27756","27441","26640","26186","25085","25193","24486","269543","24558","23803","23352","22993","22425","22070","23835","25240","26387","27595","242258","28023","28175","28040","27638","26971","26016","25275","23749","23263","22291","21571","20336","16975","15547","13452","8505","7947","7620","8807","8758","8800","9270","9515","8442","6713","4725","3247","2361","2255","1867","1773","1389","916","775","607","387","305","190","80","182","452758","894762","184258","559671","150833","1036329","179438","512673","344218","443428","89861","279939","73628","530803","87638","264332","178833","3153224","21955418","36318786.3000000000","144"
"        Вологодская область","42704","14042","24436","34593","49126","91323","14.5000000000","10.5000000000","1138424","220736","630828","286860","10314","10676","11039","12169","13281","15488","16090","15821","16093","16353","15166","14095","14026","13934","13506","12685","12046","12183","244965","11456","10813","9762","9636","8937","9454","9192","9916","79166","10458","10874","11692","13176","13996","60196","15512","17022","18188","19860","19540","19296","19135","19807","19474","18392","186226","18505","17476","17304","16642","16686","16108","15556","14762","14661","14055","161755","13794","13096","12879","13329","14279","15111","15858","16267","16544","17660","148817","18448","18098","17344","16905","16021","16207","15730","13546","13274","12587","12017","12410","8082","7548","6998","3770","2573","1989","3296","6258","4991","5640","4683","4199","2728","2420","1674","1518","1555","1336","1081","697","539","355","299","191","128","64","48","52","257299","522210","112606","328319","81285","616214","108130","302509","205575","369359","84626","233303","51430","455622","81658","231072","142892","904547","2564029","3415530.7000000000","106"
"        Новосибирская область","49347","14300","26107","38253","56264","111812","16.8000000000","10.2000000000","2797492","535264","1598243","663985","28189","28854","30068","32803","34613","38219","39286","38783","38732","38094","35637","32406","31442","31881","29317","26940","28200","28646","592110","30005","29728","27528","27717","26126","25019","24207","26477","216807","28255","28762","31162","34996","39821","162996","44182","46654","48861","50320","51534","50884","50331","51145","50007","45921","489839","46549","43059","42384","40331","41874","40512","39247","36823","36752","34450","401981","34414","32018","31386","29354","30361","32286","32186","35786","36349","38697","332837","40384","39198","39438","37599","36964","37165","34700","30573","29784","28682","27247","26527","21703","20186","16970","10605","7072","6697","8394","12080","13233","13677","12251","10977","7912","6225","4868","3680","3546","2772","2543","1990","1589","1162","862","647","400","291","168","161","600922","1281351","274670","808524","198157","1516141","260594","789719","465828","1007632","214129","643865","149638","1221474","203001","651871","366602","2777827","8739968","8180532.4000000000","337"
"        Пензенская область","35210","11435","19995","28403","40477","75742","14.8000000000","10.7000000000","1261103","200206","705997","354900","9502","9538","10200","10761","11506","13241","13880","14328","13998","14123","13382","14089","13816","13586","12451","11805","11855","12360","224421","11881","11288","11222","11048","11440","10871","10357","10996","89103","12140","11939","12847","14113","16367","67406","18819","20249","21032","21744","21439","21635","20140","20160","18785","18704","202707","20266","18393","18599","17435","18695","18125","17127","16732","17138","16942","179452","17196","16188","15781","16125","16601","17908","17655","19133","19370","19992","175949","21846","21060","20338","19131","19336","18939","17787","16307","16518","15565","15566","15616","12277","11626","8567","5022","3541","3565","6461","8189","8002","7820","6094","5276","4135","2807","2000","1565","1768","1257","1170","858","716","463","300","214","146","98","68","51","322065","575307","102268","367781","105258","685796","97938","338216","249642","387662","71021","248167","68474","479330","68447","241484","169399","424217","2200011","2339266.2000000000","104"
"        Кемеровская область","39401","12698","22269","31701","45274","85061","14.9000000000","10.8000000000","2592013","498265","1463954","629794","21490","22502","23619","26285","27885","32100","33439","34938","36449","36937","34266","33773","35626","35199","33078","30679","29927","29166","557358","27029","25571","24071","25229","23968","24272","23254","24235","197629","26915","28207","27726","31010","34619","148477","39404","40386","42022","44831","46185","43929","43231","46003","45265","41907","433163","42630","38664","39615","37590","38556","37511","36123","34712","34819","32585","372805","33854","30136","28241","26762","27790","28937","29645","33612","35522","38151","312650","40780","38014","37847","37586","35278","34674","33644","29989","29412","27946","27548","25119","20753","18344","15183","9662","6721","5857","7433","10564","11873","11699","10404","9790","6979","5292","4161","3147","3366","2291","2563","1690","1374","1005","718","459","372","245","82","67","569931","1186167","255491","746340","184336","1405846","242774","717614","445458","1015961","220297","642541","153123","1226837","209233","631997","385607","1423328","5871801","4835213.0000000000","202"
"        Республика Марий Эл","29733","10166","17425","24401","34271","62400","13.8000000000","15.4000000000","676351","132939","376367","167045","6376","6622","6699","7339","8075","9375","9680","9797","9866","9651","8959","8468","8604","8337","8042","7049","7127","7246","147312","6925","6732","6329","6313","6012","5988","5551","5943","49793","6452","6572","6854","7771","8927","36576","10973","11156","11696","12571","12375","11667","11508","11658","10517","10258","114379","10158","9597","9092","9099","9322","9020","8453","8004","7985","7731","88461","8430","7862","8133","8065","8496","9007","9100","10199","9866","10888","90046","11863","11073","10951","10582","9888","9746","9236","7949","7402","6794","6396","6483","5252","4747","3893","2064","1253","1183","2065","2808","2964","2809","2527","2094","1482","1233","1091","913","991","574","423","329","229","172","139","78","42","39","22","5","149784","315087","67911","196860","50316","361264","65028","179507","116729","210145","48152","129514","32479","253237","46226","128709","78302","229656","1085519","1039690.9000000000","51"
"        Ямало-Ненецкий автономный округ","139638","29742","60609","96180","153479","358180","21.4000000000","4.0000000000","511244","118576","329920","62748","7247","6190","6407","6811","6941","7704","8305","8026","8004","8250","7670","7931","7893","7375","7019","6803","6741","6413","131730","5135","4572","4310","5082","5094","5503","5203","5593","40492","6464","6194","6156","6928","7521","33263","8706","9119","9911","10734","10825","10559","10064","10340","9730","9416","99404","10012","9168","9329","8577","8973","8962","8457","8226","8325","7860","87889","7825","6979","6933","6138","6298","6883","6042","6322","6310","6234","65964","6168","5572","5211","4539","4071","3810","3350","2916","2666","2353","2085","1922","1391","1219","949","573","416","304","342","478","448","424","302","295","185","145","80","59","89","31","20","23","29","7","10","7","1","1","5","6","52502","249206","60586","169908","18712","262038","57990","160012","44036","210696","48146","146245","16305","222313","46148","137928","38237","318734","703114","2475212.7000000000","39"
"        Чеченская Республика","35692","10459","19016","27779","40734","80474","16.6000000000","19.1000000000","1514603","494014","871519","149070","29050","29529","29459","29509","30714","29259","31662","31822","32306","33464","36384","29465","29648","33575","30596","27572","29685","27657","551356","27356","25625","23186","23831","25773","24911","22488","21607","194777","22083","20330","20655","23128","22657","108853","29563","26619","24664","25004","24773","25534","22163","21706","20936","18549","239511","23936","18444","17259","15475","15494","16540","13836","13267","13580","12883","160714","15827","13077","13167","11963","12092","13210","12281","13128","12831","12460","130036","15434","12516","11485","10406","9527","8953","8003","7179","6741","5399","5826","3986","3004","2381","1506","1088","1144","1124","1574","1223","1838","1273","1316","1158","1282","945","555","647","702","220","331","109","239","45","41","27","28","20","25","56","129356","759169","254222","454734","50213","755434","239792","416785","98857","291564","100513","174896","16155","286217","94811","158626","32780","306050","756211","778052.1000000000","17"
"        Тамбовская область","38945","12549","22009","31333","44750","84086","14.9000000000","10.3000000000","979171","138830","552146","288195","6315","6405","6951","7572","8424","9226","9751","9676","9661","9651","9344","9777","9290","9339","9016","8432","8770","8943","156543","8895","8712","8940","9332","8488","8528","8184","9186","70265","10114","9605","10177","10900","12035","52831","14241","14921","15487","16227","15913","15884","14709","15041","14344","14116","150883","15507","14185","14343","13342","14628","15066","14166","13735","13587","13482","142041","14326","13538","13309","12579","13522","14672","14207","15711","15814","16322","144000","18137","16881","17364","16005","16284","15342","14375","12478","13160","12693","12318","11961","9759","8375","7214","4638","2879","2840","4196","6865","6502","6219","5610","4146","3431","2738","1921","1504","1767","1321","1047","820","568","431","304","225","130","77","46","37","262608","451735","71456","291728","88551","527436","67374","260418","199644","265509","43024","171381","51104","324138","40835","165059","118244","330484","1297627","1068648.3000000000","53"
"        Ставропольский край","32171","11298","19162","26634","37123","66638","13.2000000000","11.2000000000","2902455","535490","1709004","657961","26574","27428","27949","30772","32533","37008","37801","36388","35605","35689","33335","39550","35973","35247","33394","30244","33772","29698","598960","33692","32818","30218","32830","29183","31416","28080","32192","250429","37636","31095","36894","45676","48257","199558","53540","50946","49789","50141","51857","48948","48408","50015","47629","44542","495815","48080","45141","43653","38391","42133","44311","37204","36024","35944","34446","405327","40780","33444","35253","30626","31716","37520","32963","36685","36242","37882","353111","46540","38637","37439","33747","35382","35346","34147","30893","30860","26797","28720","26674","20722","18597","16170","11485","6487","8326","10202","13597","15430","14796","13316","11289","8268","6985","3276","2635","3052","1998","2169","1557","1254","908","617","379","241","166","115","36","599255","1368613","275617","881232","211764","1533842","259873","827772","446197","818728","157785","535412","125531","939902","148008","524993","266901","2581145","17392190","36108967.6000000000","177"
"        Свердловская область","53343","14521","27129","40418","60467","124177","17.9000000000","8.1000000000","4263691","840806","2399910","1022975","42868","43708","45885","50070","53061","59493","61764","62269","61547","61133","57539","51302","48806","51022","47892","42447","43953","44280","929039","44273","42688","40852","43630","40178","39545","36431","40889","328486","42822","43174","42869","47508","53948","230321","66062","67996","71616","75816","78326","77860","71396","73922","68630","65229","716853","71188","64522","65118","62168","64489","65176","60669","56327","56498","53445","619600","55587","49507","48640","44021","47004","50929","48708","54557","53845","57248","510046","63103","58070","58974","54195","56170","55639","55393","49509","49263","46203","45196","44347","32742","32006","27441","16758","9785","9773","13471","20250","20288","21254","19192","16211","12247","9941","6589","4971","5209","3880","3248","2472","2036","1256","887","539","374","217","96","151","929346","1974676","431739","1242014","300923","2289015","409067","1157896","722052","1684610","367675","1069919","247016","1973918","348022","1017189","608707","3157004","10185979","13029768.2000000000","454"
"        Чувашская Республика ","32313","10613","18477","26166","37170","69140","14.6000000000","13.9000000000","1183908","231514","664025","288369","11057","11401","12047","12913","14645","16057","16666","16543","16435","16916","15647","15491","15052","14470","13952","12222","12077","12151","255742","11729","10617","9966","10602","10569","10845","10365","11568","86261","11828","11210","11448","12806","15289","62581","18167","19352","19678","20676","20481","19220","18773","18402","16837","16593","188179","17431","16768","16752","16582","17678","17183","16061","15313","15839","15649","165256","15812","15628","15758","15377","17086","17129","17205","17861","17847","18135","167838","19799","18563","17711","16836","15838","15263","14584","12565","12613","11757","11298","11035","9034","8004","6486","3550","2780","2586","4687","5552","5660","5554","4875","4532","3276","2775","2334","1835","1657","1301","1027","725","594","410","355","239","166","101","41","53","258051","548713","119000","344807","84906","635195","112514","319218","203463","336956","81638","209678","45640","421106","77308","222922","120876","670040","2289308","2595568.0000000000","89"
"        Новгородская область","38889","12984","22462","31664","44774","82563","14.2000000000","11.6000000000","581578","103944","318097","159537","4568","4829","5167","5831","6385","7127","7414","7371","7287","7475","7028","6984","6794","6750","6750","6184","5877","6125","115946","5627","5660","5298","4653","4819","5441","5053","5304","41855","5511","5850","4972","5836","6794","28963","7907","8589","9031","10372","9828","9487","9314","9633","9302","8639","92102","9130","8595","8492","8116","8381","8448","7877","7715","7720","7453","81927","7622","6986","6912","7039","7504","7846","7940","8331","9006","8436","77622","8656","9594","9778","9540","9016","7986","7757","6889","6672","7333","6907","7059","5243","4570","3943","2494","1757","1439","2027","3499","3033","3263","2981","2686","1813","1498","1104","969","887","708","596","406","347","255","171","100","66","55","20","46","143163","261063","53836","164076","43151","320515","50108","154021","116386","186511","40749","117760","28002","238272","37888","117173","83211","2413687","7899208","3049016.1000000000","64"
"        Саратовская область","32979","10503","18504","26427","37867","71595","15.1000000000","12.9000000000","2431012","394826","1397115","639071","19543","18659","20056","22198","23306","26622","28058","28245","28152","28199","26565","25368","25896","26362","25443","22154","23125","23310","441261","23543","24027","22952","24435","23474","23298","21636","24964","188329","26705","25784","27054","30419","34109","144071","39042","39563","40352","41817","41244","41166","39869","39768","37749","36242","396812","38328","36910","35354","34552","36290","36277","34082","32300","33362","32081","349536","34080","31869","32510","29812","31333","32836","32757","35859","35213","36235","332504","37698","35512","34666","32895","33368","33479","32646","28707","28521","26730","26995","26698","23179","19582","18670","11837","7492","8007","10770","15220","14628","14648","13033","10846","8406","6134","3413","2631","3158","1954","1817","1493","1113","895","572","426","281","211","100","68","578499","1128282","203517","727630","197135","1302730","191309","669485","441936","852298","154175","551272","146851","1009923","144879","528586","336458","814242","3183412","4479632.3000000000","124"
"        Костромская область","43636","14280","24896","35291","50185","93528","14.6000000000","9.5000000000","577996","107714","307707","162575","4919","5078","5470","5724","6507","7271","7581","7712","7838","8052","7611","7195","7148","6785","6627","6196","6421","6581","120716","5463","5059","4876","4600","4297","4228","4024","4358","36905","4387","4696","4673","5462","6423","25641","7633","8192","8603","9422","9141","9005","9278","9661","8820","8689","88444","8765","8501","8490","7988","8310","8126","8004","7630","7561","7245","80620","7277","6876","6787","6564","7164","8013","8027","8759","9318","9950","78735","10880","10119","10328","9640","9103","8862","8715","7441","7347","6865","6936","6811","4835","4595","3787","2133","1371","1163","1922","3430","3248","3377","2898","2417","1711","1460","1198","918","869","596","553","404","319","254","175","115","55","44","23","18","146935","262672","55082","160375","47215","315324","52632","147332","115360","190698","41522","117654","31522","235848","39967","114021","81860","454685","1203106","2283873.1000000000","66"
"        Республика Коми","54576","16328","29456","42791","62388","121917","16.3000000000","11.7000000000","734363","138514","425682","170167","6140","6344","6789","7280","8396","9484","9819","10205","10198","9968","9222","9345","9214","9104","8841","8165","7941","8285","154740","7454","6898","6067","5736","5668","6062","5830","6354","50069","6476","6715","7057","8139","9126","37513","10266","10928","11992","13415","14026","13675","13523","13582","13090","12335","126832","12757","11901","11900","11531","11804","11420","10994","10504","10868","10492","114171","9874","9469","9176","8941","9297","9922","9858","10516","10894","11514","99461","11946","11250","10996","10297","9840","9404","9298","7798","7821","7453","7203","6980","5046","4502","3792","2180","1573","1303","2050","2945","2781","2929","2491","2127","1592","1210","874","836","766","550","457","360","293","198","150","113","67","45","24","37","151577","339964","70418","222128","47418","394399","68096","203554","122749","260508","54415","171984","34109","308945","52864","164079","92002","273509","1049828","1453930.7000000000","102"
"        Иркутская область","42268","13184","23412","33628","48466","92648","15.5000000000","13.9000000000","2363447","518049","1331387","514011","26069","26701","27888","30356","31674","34971","36084","35837","36749","37296","35906","32842","33115","33725","31275","27561","26403","26761","571213","27302","25537","24409","24583","22958","23096","21207","23036","192128","24298","24195","24264","26918","30291","129966","37146","39170","40751","42262","42181","40464","39274","40797","39755","36875","398675","38475","36007","34573","33381","34158","33364","32805","31333","30953","29621","334670","29024","26661","26503","24888","25052","26443","27029","28599","29721","31083","275003","32863","30796","30278","29385","28202","27260","27570","24792","24411","22863","21633","20684","16749","15212","12443","7367","5251","4795","7127","9755","10337","9913","8693","7983","5756","4411","3022","2399","2478","1736","1599","1164","917","625","420","296","249","174","114","70","461792","1086116","266202","676251","143663","1277331","251847","655136","370348","827373","199041","519942","108390","1007141","188375","519697","299069","1553341","4485123","8179680.4000000000","255"
"        Челябинская область","39695","13042","22703","32147","45662","84918","14.6000000000","10.6000000000","3421556","671416","1922152","827988","33330","33066","34107","37475","39870","46197","48070","49084","48612","49453","46899","43798","43224","42502","39540","36189","35700","36447","743563","34812","33713","31517","31941","30268","32574","30084","32116","257025","34654","37128","36280","44439","49129","201630","54136","56089","60207","61477","60288","58934","57789","58497","54004","51797","573218","53386","49855","49749","49180","49035","49075","47018","45733","45140","43303","481474","43693","40195","39011","37567","37831","39237","40538","44075","45435","47561","415143","50637","47121","46196","45134","43230","43973","42915","38144","39424","37440","34831","34169","26983","25527","22016","13302","8803","8090","10936","16417","17376","17825","16398","14107","10999","8439","5499","3743","4300","3633","3476","2353","2016","1457","954","710","389","263","137","141","749503","1568338","344484","985581","238273","1853218","326932","936571","589715","1284629","280476","815191","188962","1542111","265011","792765","484335","1808517","6807272","9076707.2000000000","385"
"        Краснодарский край","54492","14427","27229","40865","61594","128346","18.3000000000","9.2000000000","5832042","1112335","3307887","1411820","60306","61115","63024","66686","70195","76914","78981","79280","76779","76368","71681","68469","67756","68501","65220","61060","61351","61272","1234958","58576","55378","51784","54816","50954","52930","52393","56624","433455","62333","64060","66483","74847","80660","348383","92589","90813","94834","99942","101288","101139","98256","99241","94076","89461","961639","98689","88456","86686","82482","83845","85611","81750","78961","79515","75720","841715","80564","68712","68412","66704","67168","70658","70307","74740","78634","82044","727943","90728","80348","77131","72463","71979","70528","71541","65023","64362","58737","61458","58194","47379","44474","36801","21779","15942","17303","21577","30566","34654","32591","29697","28581","19513","14658","7974","5748","6360","5157","6859","3933","3463","2449","1819","861","513","387","229","190","1283949","2749485","572221","1729083","448181","3082557","540114","1578804","963639","1556645","334564","984540","237541","1765674","317201","921860","526613","18072510","100110964","149338428.0000000000","473"
"        Тюменская область","68855","16207","31901","49359","76751","170054","20.0000000000","10.3000000000","3827679","856166","2284581","686932","45357","45777","46665","50756","52598","57514","60489","61114","60191","60775","56732","55765","54420","52264","49215","46534","45053","43541","944760","40510","38343","35707","37661","36338","37385","36260","39567","301771","42643","42413","42562","47675","53627","228920","62704","65853","70507","75947","77162","75396","72654","73354","70064","64611","708252","66440","61701","60598","57617","58727","58050","54278","51189","51542","49214","569356","49858","45990","44973","42641","43812","46746","45844","49854","50328","51675","471721","54575","50040","47568","44626","41128","40564","38660","33262","31964","29239","25742","25003","18280","16806","14002","8067","5504","5110","6434","9250","9146","9361","7973","6981","5289","4180","2923","2601","2439","1613","1354","938","762","465","332","266","219","122","67","44","602899","1816225","438373","1171481","206371","2011454","417793","1113100","480561","1457103","351739","949576","155788","1636819","335607","922860","378352","2922993","7775449","14869598.2000000000","530"
"        Карачаево-Черкесская Республика","25511","9253","15494","21340","29470","51997","12.6000000000","21.5000000000","469096","99780","275519","93797","4569","5354","5691","5755","5932","6376","6913","6453","6613","6723","6186","7101","6763","7012","6819","5520","5946","5487","111213","5449","5383","5027","5873","5456","5864","5020","5728","43800","6761","5657","5849","6739","7126","32132","8917","8004","8053","7767","8008","8678","7076","7339","7233","6534","77609","8113","6631","6613","5882","6060","6636","5618","5359","5465","5417","61794","6385","5435","6068","5338","5432","6403","5752","5855","5776","5965","58409","7158","6077","6125","5575","5491","5020","4805","4162","4091","3455","3857","3177","2533","2115","1636","1232","765","1179","1361","1927","2107","1977","1715","1457","1206","966","562","479","615","260","399","181","159","111","66","61","34","20","21","2","84139","220961","50985","139326","30650","248135","48795","136193","63147","88208","20004","55512","12692","105708","19036","59405","27267","923044","2919037","990164.0000000000","14"
"        Томская область","41213","13489","23516","33333","47398","88325","14.6000000000","11.6000000000","1062726","201526","622135","239065","9464","9851","10610","11587","12613","13916","14502","14347","14431","14061","13287","13100","13185","13158","12252","11162","11105","11682","224313","13755","13804","12643","13647","11932","11336","9893","10546","97556","10962","10402","10979","12765","16047","61155","18382","19083","18372","19621","19380","20088","18557","19884","18770","17229","189366","17979","16742","15959","15055","15047","14886","13919","13300","13736","13048","149671","13504","12141","11466","11030","11455","12053","11726","12980","13283","13617","123255","15372","14715","14522","13824","13432","13847","13039","11812","11318","10604","10239","10183","8293","7298","5879","3973","2504","2422","2985","4009","4312","4200","3594","3253","2295","1872","1568","1211","1142","826","757","533","418","306","233","227","180","64","52","97","217410","497416","103281","319800","74335","565310","98245","302335","164730","352007","70842","231668","49497","406894","67219","225538","114137","408767","1494806","2116057.9000000000","120"
"        Республика Калмыкия","27080","9842","16468","22667","31284","55139","12.5000000000","20.6000000000","266432","58638","150417","57377","2741","2942","3022","3287","3271","3613","3857","3976","4041","4110","3975","4183","4069","4210","4016","3325","3336","3244","65218","3012","2674","2606","2564","2632","2655","2625","2682","21450","2837","3034","3001","3451","3654","15977","4274","4522","4533","4866","4633","4631","4534","4370","4207","3811","44381","3993","3716","3474","3378","3276","3300","3148","2888","2823","2703","32699","2982","3043","3177","3228","3388","3731","3949","4193","4190","4380","36261","4461","4232","3962","3669","3626","3450","3284","2800","2637","2393","2107","1958","1232","1071","880","470","291","454","678","793","972","944","835","717","615","473","258","191","234","171","189","127","87","76","37","32","18","9","11","2","50446","128434","30319","80142","17973","137998","28319","70275","39404","56734","14861","34069","7804","67911","13897","34878","19136","93845","220139","169440.4000000000","13"
"        Ярославская область","43482","13947","24504","34928","49949","94084","15.0000000000","8.1000000000","1205637","214396","668932","322309","10227","10588","11147","12343","13271","15199","15440","15177","15347","15200","14254","13918","13963","13497","12741","12084","12303","12574","239273","12542","12219","11613","10650","9952","10411","10074","10413","87874","11093","11776","11230","13209","15252","62560","17357","18245","19909","20780","20228","19885","19469","20233","18811","18100","193017","18767","17905","17981","17644","17736","17485","16995","16870","16818","16300","174501","16130","14971","14431","14566","14875","15204","15528","16613","16628","17735","156681","18177","17078","16953","16663","16018","16429","16232","14469","14576","14188","14125","14364","10486","10176","9005","5243","3691","2920","4791","7950","7304","7618","6827","6461","3973","3312","2291","1943","1831","1501","1440","1040","844","554","418","336","203","93","68","140","291731","541571","110134","344148","87289","664066","104262","324784","235020","433438","91047","276889","65502","543961","86031","270587","187343","1315122","3643304","5650498.6000000000","155"
"        Республика Северная Осетия-Алания","34561","11149","19546","27816","39715","74580","14.9000000000","12.3000000000","685393","137242","399059","149092","6962","7188","7490","7984","7856","8637","9465","9398","9490","9812","9258","9295","8676","8842","9048","7841","8113","7413","152768","8037","8203","7917","9522","8666","8404","7649","8525","66923","9393","8209","8314","9299","9648","44863","11854","11642","10899","10831","11294","11979","10010","9990","9463","8976","106938","11493","9396","9394","8893","9195","10277","8663","8507","8436","8237","92491","9752","8395","8841","7967","8322","9642","8284","9014","8642","8795","87654","10298","8592","8470","7614","7752","7277","7094","5938","6339","5581","6285","5469","4377","4077","3488","2858","1822","2024","2969","3376","3761","3324","3238","2608","2114","1802","1131","925","1102","424","545","306","277","149","118","82","68","50","28","4","133756","319827","70571","203746","45510","365566","66671","195313","103582","197724","42578","126833","28313","235508","40361","126095","69052","354239","820637","1168706.9000000000","22"
"        Псковская область","38716","12411","21810","31093","44472","83794","15.0000000000","13.1000000000","596899","98042","330426","168431","5030","4727","5175","5757","5945","6826","7010","6777","6783","6909","6688","6197","6180","6225","6228","5585","5740","5887","109669","5813","6584","6372","5521","4802","5101","4830","5269","44292","5424","5268","5435","6342","7322","29791","8713","8902","9434","10091","10006","9602","9336","9559","9511","8822","93976","9080","8457","8540","8353","8681","8536","8313","8058","8383","8175","84576","8278","7538","7496","7420","7761","8177","8286","8878","9232","9588","82654","10222","9735","10050","9776","9202","9030","8821","7804","8059","7443","7516","7351","5501","4920","3984","2513","2045","1577","2249","3502","2975","3136","2978","2608","1920","1472","1007","934","1085","676","577","355","328","194","126","105","63","41","31","30","151941","271322","50416","173774","47132","325577","47626","156652","121299","188089","36847","121118","30124","235128","35084","115805","84239","1587931","4638187","2611635.8000000000","68"
"        Орловская область","48401","13445","24934","36949","54974","111702","17.5000000000","10.9000000000","710023","116682","396230","197111","5294","5685","5819","6574","6872","7918","8187","8039","8110","8343","7887","8006","7720","8011","7466","6751","6627","6817","130126","6969","6556","6143","6452","5871","5998","5635","6350","49974","6632","7330","7625","9020","10045","40652","11295","11661","11384","11543","11417","11138","10715","11142","10595","10228","111118","11043","10375","10558","9943","10377","10302","9995","9510","9574","9857","101534","9700","9091","8907","8776","9150","9735","9337","10801","10760","11305","97562","12378","11524","11842","11373","11443","10689","10307","8940","9079","8390","8196","8613","6927","5736","4999","2543","2114","1932","2878","4027","3720","4054","3840","3012","2433","1757","1073","1020","1101","819","715","493","393","283","187","76","67","41","24","19","179057","322887","60039","204803","58045","387136","56643","191427","139066","211446","38299","135952","37195","261869","36513","132651","92705","367136","1275464","730051.1000000000","76"
"        Самарская область","42325","13156","23393","33633","48520","92922","15.6000000000","10.6000000000","3164384","552098","1799419","812867","27440","27766","29563","32979","34444","39960","40818","40074","39317","38772","36647","34246","33652","34175","32048","30197","30040","30946","613084","30688","29303","26908","28005","26519","27257","26160","28679","223519","31401","32915","34460","40274","43848","182898","49012","51249","54237","56688","57615","55558","54274","54238","50091","48352","531314","50246","47905","47290","46554","47887","48001","45650","43913","44757","43369","465572","44999","39864","38528","37096","38459","39790","40179","43268","43794","45826","411803","49201","44867","44052","43478","41104","41896","42002","37948","38073","36174","34562","34898","29222","26461","23733","14095","9509","9154","12311","17632","17001","17044","15677","13243","10120","7206","4196","3584","3726","3048","3216","2101","1710","1239","867","613","360","236","94","541","736194","1452973","284309","930900","237764","1711411","267789","868519","575103","1141242","225388","733590","182264","1377325","212863","705709","458753","2039895","8471227","6331987.5000000000","392"
"        Чукотский автономный округ","138245","34598","66636","101486","155278","333225","19.2000000000","5.2000000000","47906","10559","31149","6198","502","525","568","654","673","689","740","701","686","717","662","716","688","731","667","640","700","682","11941","571","456","431","489","473","475","530","505","3930","562","666","571","695","671","3165","859","787","883","950","968","1010","859","889","910","886","9001","880","857","882","817","786","802","745","748","772","748","8037","764","726","661","597","583","707","650","674","621","673","6656","620","518","482","452","450","362","356","313","263","217","226","147","115","151","91","55","43","44","52","43","49","37","26","19","15","7","8","1","2","7","0","2","1","0","1","0","0","1","0","0","5176","23907","5351","16684","1872","23999","5208","14465","4326","16424","3356","11713","1355","16535","3298","10205","3032","47999","241992","216233.0000000000","3"
"        Республика Дагестан","39646","11707","21223","30941","45274","89085","16.5000000000","12.7000000000","3186902","811054","1953845","422003","43253","46483","46799","49562","50441","51903","53196","55949","54479","54467","53588","52929","51353","53109","49676","43867","49375","45658","906087","45376","42935","38754","43823","41855","45205","42750","48473","349171","50792","48896","47211","54689","58128","259716","70195","60951","57939","56706","55523","57404","48317","47804","45051","40689","540579","51384","40280","39866","37188","38748","43328","37134","36898","36314","34574","395714","45024","34986","38438","34547","34531","40642","35809","35234","35322","33312","367845","40137","30514","28443","24788","23543","22364","19827","16628","16320","13669","16655","12500","10643","8430","7155","6846","3995","4119","6369","5802","8525","6447","6235","5650","5115","4233","2842","2260","2611","1310","1854","509","533","262","210","175","98","78","68","28","367790","1572559","420888","1008402","143269","1614343","390166","945443","278734","711196","175951","473136","62109","730066","158735","457530","113801","1094062","3651179","3661288.4000000000","73"
"        Республика Хакасия","34979","12151","20698","28856","40346","72845","13.5000000000","16.9000000000","532988","116811","297354","118823","5244","5382","5690","6364","6815","7632","8148","8311","8476","8595","8118","8243","8162","8072","7329","6230","6192","5987","128990","5695","4992","4685","5034","4603","4547","4314","4635","38505","4966","5036","5458","6157","7083","28700","8272","8622","8845","9645","9628","9431","9300","9511","9448","8772","91474","8971","8232","8205","7845","8229","8040","7282","7284","6814","6230","77132","6604","5678","5724","5365","5367","6012","5906","6637","6807","7095","61195","7886","7425","7324","6888","6873","6699","6762","6147","6215","5507","5197","5128","3892","3159","2570","1610","998","1039","1475","1942","2017","1968","1692","1409","1130","847","597","496","544","374","372","240","192","155","90","53","40","17","11","12","106992","245046","60155","149370","35521","287942","56656","147984","83302","164431","40122","100509","23800","200584","37891","104705","57988","410955","1553451","745496.8000000000","51"
"        Республика Татарстан ","52221","15294","27811","40635","59593","117770","16.7000000000","5.0000000000","4000084","773743","2283072","943269","40901","41263","42633","47040","49363","56733","57620","56842","56765","55913","50652","48623","46592","44522","41188","37093","39393","38641","851777","40874","39356","35000","38195","36363","37228","38302","41377","306695","44775","43501","46339","51497","56166","242278","69714","72370","74080","77108","74174","72101","67896","67525","60643","57873","693484","59581","57836","54956","53668","56481","54898","52094","49909","49773","47138","536334","50588","47122","47749","46620","50708","52569","52252","57221","57505","59800","522134","65276","58795","56944","54316","51017","50979","48923","41970","41546","38185","35915","36216","28718","26553","22941","13152","8405","8932","12711","19435","19439","19859","17142","14091","11659","8824","7360","5509","5420","4428","3651","2582","2146","1582","1045","723","438","292","111","152","847382","1868294","397453","1185297","285544","2131790","376290","1097775","657725","1413083","315358","893441","204284","1657832","299037","868527","490268","4191422","13998938","16846118.7000000000","628"
"        Брянская область","40161","12749","22488","32146","46104","87319","15.2000000000","11.4000000000","1164635","200373","659068","305194","9137","9769","10254","11372","11737","13657","14381","13201","13539","14094","13579","13180","13590","14172","13427","11284","11814","11479","223666","10960","10608","10115","9707","10163","10214","10315","11507","83589","12302","13111","12861","14635","14892","67801","17528","18253","18313","19354","20692","19215","18513","18743","17258","17101","184970","18401","17129","17485","15614","16646","17226","16230","15592","15816","15545","165684","16639","15045","15549","14848","15711","16464","15749","17323","17741","18547","163616","20185","18334","18228","17535","16843","16441","15268","13178","13630","12915","13215","12529","9469","8258","6952","4107","3565","3227","4733","6268","6107","6032","5644","4899","3940","2839","1714","1632","2103","1258","1338","863","736","469","330","207","139","95","56","28","275309","533625","102837","344015","86773","631010","97536","315053","218421","363213","72306","231843","59064","446427","68664","222849","154914","582488","2520420","1728119.8000000000","98"
"        Архангельская область","56617","16988","30613","44436","64736","126310","16.2000000000","10.0000000000","1016030","185226","564960","265844","8258","8506","9339","10234","11145","12618","12857","13013","13024","13088","12645","12671","12553","12120","12074","11081","11388","11415","208029","10371","10243","9535","8302","7913","8527","8079","8449","71419","8622","8339","8293","9442","11468","46164","13543","14837","16439","17713","17615","16859","16808","17725","17283","16148","164970","16747","15818","16112","15922","16279","15994","14854","13812","14050","13056","152644","12887","12080","11889","12101","12736","13230","13083","14110","14349","15592","132057","16193","15413","15376","14871","14818","15160","14939","12906","12847","12159","11219","11562","7955","7951","7165","4059","2784","2294","3459","5575","4951","5190","4495","4122","2760","2341","1722","1596","2001","944","581","384","314","211","188","116","54","41","16","15","240747","470354","96112","296943","77299","545676","89114","268017","188545","359422","74758","230909","53755","427627","71141","217644","138842","774444","2702607","1703219.0000000000","175"
"        Республика Ингушетия","24367","8660","14620","20251","28130","50175","13.0000000000","26.8000000000","511316","145814","320469","45033","8457","8284","8175","7982","7814","7668","8639","9716","9376","9578","11331","9924","10211","10205","9361","9093","9884","8794","164492","9316","9341","7743","9770","9807","8893","8543","9356","72769","10295","8435","8386","9557","7962","44635","12414","10295","7788","7221","7994","8979","5975","6087","6664","5701","79118","9360","6564","5944","4483","5462","6503","4900","4991","5461","5332","59000","8536","6169","5875","4026","4067","6212","3965","4572","4208","4111","51741","6149","3820","3424","2358","2875","2535","1957","1728","1727","1389","1906","1155","892","676","653","636","473","490","640","462","732","492","415","308","372","287","223","178","171","106","134","58","50","26","15","22","8","13","6","–","39561","254445","74458","164380","15607","256871","71356","156089","29426","139712","39881","91507","8324","140579","38572","86416","15591","72737","115616","146580.8000000000","4"
"        Белгородская область","47184","14379","25761","37236","54014","104528","16.0000000000","6.0000000000","1536466","258850","873576","404040","12203","12272","13189","14364","15181","17372","17951","18230","18384","18431","17716","16782","17261","17581","16661","15272","14419","14798","288067","14779","13910","13147","13988","13113","13687","13641","14924","111189","16452","17686","17660","19834","20602","92234","23935","24161","26016","27090","27379","26136","26029","26045","24174","22937","253902","23895","22879","22643","21479","22153","22065","21657","20642","21013","20045","218471","20400","18370","18623","18841","19811","20112","20740","22842","24084","24526","208349","25804","23893","23739","22713","21683","20755","20200","18042","18149","16872","16605","17239","13231","10461","10059","5177","4162","4116","6337","9067","8807","8866","8413","6952","5580","3565","2116","1655","2023","1559","1894","1152","993","700","495","326","284","131","151","288","364254","712397","133185","456410","122802","824069","125665","417166","281238","455190","87356","295691","72143","548158","84686","286899","176573","582672","2112727","2078867.4000000000","112"
"        Калининградская область","43287","14592","25150","35359","49862","91474","14.1000000000","10.8000000000","1030979","183973","603185","243821","8960","9298","9692","10796","11389","12895","13083","13092","12837","12758","12119","11791","11728","11835","11347","10353","10423","10388","204784","11049","12721","11122","11423","10833","10577","9595","10551","87871","11078","10059","10686","11760","13955","57538","16799","17156","17919","18243","18168","18582","17995","17496","16760","16370","175488","17826","15483","15483","15033","15077","15166","14197","14529","14573","14071","151438","14360","12875","13053","12125","12123","13069","13330","13877","14093","14601","133506","15609","14306","14283","13206","13270","13102","12595","11590","11437","11311","10649","10494","8458","7510","6229","3874","2786","2435","3323","4489","4506","4601","4126","3795","2722","2042","1292","1217","1238","891","855","637","457","351","264","161","111","70","33","29","220354","487967","94754","317645","75568","543012","89219","285540","168253","370716","71551","239884","59281","420644","67195","220078","133371","1325935","5902659","7536169.1000000000","117"
"        Ленинградская область","44494","15196","26058","36501","51283","93431","13.8000000000","7.0000000000","2006022","280124","1221888","504010","14416","13876","15134","16905","17366","18977","20319","18840","18514","18805","17887","20227","19047","17400","16280","16131","16990","16227","313341","17783","19408","20770","24067","23152","21474","19136","22078","167868","23596","21823","22156","25189","28160","120924","36575","37636","37823","39701","42023","43838","37267","37629","35364","32917","380773","40096","32891","33425","28979","31167","32313","28560","26830","27333","25553","307147","27695","24835","24696","21951","22885","27794","24212","27317","27595","28965","257945","32819","29261","30356","27383","29390","27822","26569","23821","23995","21739","22793","21419","16321","14778","12789","8796","5665","4526","6055","9340","8999","9804","8884","8142","5514","4510","2954","2725","2903","1928","1728","1232","967","763","500","350","192","136","82","74","458024","943187","143987","645748","153452","1062835","136137","576140","350558","624223","94436","429605","100182","722696","89417","396043","237236","8774793","36160423","13227631.8000000000","121"
"        Мурманская область","73313","24705","42585","59877","84446","154951","14.1000000000","7.0000000000","665240","127773","397484","139983","6185","6584","6842","7409","7726","8505","8797","8883","8734","9025","8618","8662","8237","8240","7922","7404","6657","6858","141288","6416","6638","6574","6434","5716","6174","6055","6672","50679","6770","6902","6658","7599","8754","36683","9949","10945","12121","12676","12932","12498","12381","12417","11714","10990","118623","11575","11139","11260","10874","10967","10677","10560","10127","10107","9538","106824","9366","8763","8408","8056","8229","8389","8545","8760","8968","9334","86818","9487","8934","8444","7960","7657","7685","7536","6814","6655","6246","5783","5883","4373","3922","3575","2094","1592","1166","1659","2737","2299","2387","2138","1951","1335","1052","705","498","567","299","260","184","155","110","67","52","25","16","17","6","124325","313983","65857","213176","34950","351257","61916","184308","105033","289062","61006","195099","32957","330148","57333","173101","99714","748734","2472395","3866254.4000000000","112"
"        Курганская область","33596","10792","18950","27000","38596","72640","15.0000000000","15.5000000000","772332","153408","399807","219117","7186","7358","7547","8454","9194","10240","11026","11177","11645","11579","10732","9442","9226","10479","9799","8324","8352","8243","170003","7486","7167","6294","6734","6151","5786","5077","5689","50384","5970","5988","6106","6874","8448","33386","9735","10015","10636","11466","11910","11422","11115","11595","10919","10565","109378","11201","10464","11067","10573","10753","10777","10643","9944","10397","10067","105886","10048","9396","9352","8867","9555","10361","10226","11811","12429","13049","105094","13335","12650","12976","12641","12595","12611","11558","9786","10982","10182","9010","8877","6765","6253","5749","2956","1896","1909","2551","4131","4685","4789","4354","3157","2702","1996","1242","1058","1150","807","787","645","506","311","257","146","95","45","29","27","198201","351758","78869","208307","64582","420574","74539","191500","154535","219448","49841","132970","36637","274784","47458","132770","94556","320969","1182909","1248823.9000000000","65"
"        Липецкая область","43655","13622","24186","34736","50058","95672","15.5000000000","7.0000000000","1138140","194500","642660","300980","8826","9495","10014","11217","11718","13363","13851","13296","13137","13669","12691","13163","12584","13202","12519","11755","11538","11616","217654","10612","10042","9481","9865","9683","9749","9539","10592","79563","11349","12249","12156","12869","14265","62888","16672","17310","18609","19677","20000","19450","19015","19560","17911","16897","185101","17887","16882","17204","16212","16780","17155","16333","15371","15415","15387","164626","16200","14546","14595","13981","14326","15588","15150","16971","16673","17994","156024","19439","18072","18327","17017","16874","16169","15383","13052","13537","12555","12375","12578","9637","8099","7859","4564","3088","2971","4691","6752","6250","6376","5735","4177","3650","2806","1820","1482","1727","1308","1110","833","646","505","313","195","125","85","38","64","272284","521508","99508","332680","89320","616632","94992","309980","211660","321252","64003","205293","51956","396297","61427","204681","130189","425950","1390812","1777408.4000000000","105"
"        Еврейская автономная область","43127","15148","25691","35706","49765","89324","13.2000000000","18.3000000000","149580","30337","86408","32835","1532","1594","1648","1791","1842","2044","2165","1954","2008","2095","2021","1927","1860","2161","1964","1731","1679","1606","33622","1425","1650","1594","1583","1513","1438","1364","1508","12075","1642","1539","1762","1840","2117","8900","2392","2405","2590","2652","2577","2589","2430","2636","2457","2397","25125","2467","2395","2411","2243","2420","2324","2186","2110","2157","1953","22666","1982","1761","1648","1614","1552","1717","1673","1796","1846","1872","17461","2028","1864","1851","1764","1814","1819","1893","1743","1759","1614","1521","1379","1141","1021","908","547","400","384","540","613","575","572","458","400","279","207","140","99","96","76","64","53","27","34","21","8","9","6","4","0","29731","70237","15526","45004","9707","79343","14811","41404","23128","47908","10667","30370","6871","57969","10247","30451","17271","60521","242823","398395.9000000000","5"
"        Пермский край","44936","13165","23938","34971","51282","101324","16.6000000000","10.6000000000","2525149","511793","1413072","600284","24460","23810","26004","28842","31542","36602","38016","37400","37343","37993","36298","32705","30715","32864","30710","26489","27925","28435","568153","28212","26494","24575","24358","22287","23018","21379","22945","193268","23739","23703","24739","28111","31375","131667","38208","40593","41758","44219","45731","44612","41891","41836","38702","37001","414551","39358","36572","37752","36111","37037","38519","36319","33966","34214","33311","363159","32212","30421","29530","28086","28887","30493","30892","33233","33530","35802","313086","37884","35520","35846","33288","32811","32142","32185","28152","28117","27347","27461","24775","19498","18266","15538","9630","5809","5497","7515","11325","11026","11671","10391","8521","6595","5280","3559","3037","3530","2318","1902","1391","1229","749","607","360","220","155","82","36","541265","1156657","264010","722604","170043","1368492","247783","690468","430241","859148","195984","541121","122043","1051609","183876","539205","328528","1344055","5817611","7082263.8000000000","451"
"        Сахалинская область","87016","23149","43614","65373","98406","204537","18.2000000000","6.3000000000","466009","82651","276198","107160","4393","4605","5363","5212","6127","6775","5484","5236","5175","5024","4824","5106","4880","5032","4771","4644","4685","4293","91629","3434","3732","4366","4892","4715","4742","4152","5054","35087","5066","4800","4724","5339","6251","26180","7150","7564","7960","8771","8956","8625","8062","8256","8301","7508","81153","8285","7988","8547","7665","7852","7913","7262","6772","6809","6659","75752","6677","6028","5926","5131","5462","5722","5420","6044","5840","6109","58359","6771","6305","6334","6014","6002","6179","6397","5822","5734","5305","4854","4866","3515","3324","2673","1729","1309","1132","1411","1790","1717","1586","1455","1250","959","688","514","438","480","291","255","209","165","120","85","74","50","22","16","9","97849","222622","41962","146634","34026","243387","40689","129564","73134","183055","34888","121110","27057","201322","33797","108479","59046","311692","1137979","2371813.2000000000","38"
"        Ивановская область","40326","13104","22908","32536","46360","86722","14.8000000000","10.2000000000","924114","149869","516959","257286","6806","6904","7351","8325","9125","10228","10519","10437","10719","10541","9947","10026","10242","10088","9647","8964","8807","8722","167398","9479","9414","9226","9112","7621","7654","6901","7735","67142","7905","7767","8501","10322","11046","45541","13054","13642","14212","15164","15364","15853","14566","15437","14066","13779","145137","14706","13788","14003","13164","13893","14681","13771","12838","13361","13072","137277","13130","12459","12038","11554","12386","13019","12654","13639","14226","14631","129736","14725","14276","14214","13801","13127","13702","13927","11967","11788","11370","11022","10993","8487","7903","6942","3743","2758","1868","3208","6039","5638","5513","5003","4479","3081","2548","2061","1534","1575","1169","1051","677","560","405","273","202","116","64","38","36","231883","414279","77559","268456","68264","509835","72310","248503","189022","333816","65375","216120","52321","423536","60628","209454","153454","466711","1839723","2514185.4000000000","135"
"        Хабаровский край","55717","18064","31607","44919","64045","119951","14.8000000000","9.8000000000","1292764","243458","764628","284678","13054","13035","14064","15037","15481","17076","18377","17773","17382","17200","15898","14661","14325","13751","13241","13103","13541","13372","270371","15069","15001","14831","14293","12738","13664","12204","13816","111616","15048","14051","14111","15452","18284","76946","22668","22970","22655","24341","24689","23589","22855","22667","21921","20674","229029","22599","20266","20208","19207","20288","19462","18486","17652","17888","17106","193162","17465","15749","14834","13841","14417","15408","14713","15736","15325","15805","153293","17249","15564","14904","14002","14223","15120","15410","14035","14265","13139","13293","12450","10313","9914","8772","5397","4081","3106","4977","5894","5731","5199","4643","4022","3073","2232","1478","1202","1163","825","721","578","427","314","229","156","92","69","40","45","258347","610097","124691","399614","85792","682667","118767","365014","198886","502610","102352","329039","71219","576207","97744","309242","169221","1097261","2931338","2698163.5000000000","113"
"        Астраханская область","36465","12038","20917","29578","41958","77832","14.5000000000","12.5000000000","957772","203640","543830","210302","10616","10800","10836","11575","12086","14077","14578","14514","14613","14835","13347","12531","12954","13553","12306","10419","10764","10810","225214","10102","10226","9269","9366","8989","9343","9328","9330","75953","10574","10046","10658","11934","13041","56253","15433","15403","16211","16903","16313","16920","16323","16518","15244","14875","160143","15159","13344","14731","13520","13154","13422","12133","12498","12495","12055","132511","11519","11319","10761","10926","11345","11964","12153","13203","12768","13109","119067","14380","12991","12670","11981","12362","11958","11492","10263","10108","9828","8736","8617","7241","5366","4790","3187","1865","2055","2596","3733","3633","3486","3197","2764","1992","1672","1057","843","1173","485","346","228","192","144","100","64","29","44","23","940","188631","449662","104228","280239","65195","508110","99412","263591","145107","284004","65420","177187","41397","331754","62480","173692","95582","705067","2637914","3372313.1000000000","103"
"        Республика Бурятия","38263","11965","21227","30468","43882","83773","15.5000000000","17.7000000000","977951","236220","554161","187570","11816","12045","12363","13351","13529","15514","16166","16279","16317","16168","15972","16006","16252","15771","14898","13773","13659","12777","262656","12349","12358","10968","10765","10320","10363","9906","10528","87557","10639","10996","11027","12664","13241","58567","15128","16354","17049","17649","17832","17444","16566","16996","16260","15046","166324","15168","14242","14128","13706","13557","12845","12462","11860","11669","10631","130268","10298","9689","9573","9501","9958","10620","10562","11287","11480","12501","105469","13012","12234","12101","11439","10904","10163","10008","9150","8623","7943","7519","7338","5730","4963","3824","2234","1539","1279","2371","3224","3577","3199","2894","2589","2119","1648","1019","924","969","635","578","440","351","198","129","95","77","31","22","18","167110","458813","121123","282929","54761","519138","115097","271232","132809","264506","68531","165931","30044","314056","65165","169236","79655","820586","2400893","3149953.3000000000","46"
"        Воронежская область","44971","12851","23584","34686","51212","102523","17.1000000000","6.9000000000","2302617","368159","1309476","624982","18521","19027","19631","21574","22601","25217","26256","25820","25559","26212","24684","23803","24039","23286","21735","20194","20629","21632","410420","21898","21417","21462","22241","19810","20693","20046","21444","169011","23693","25848","27551","31756","33059","141907","37169","37861","39930","40894","40847","39245","38882","38784","35643","34416","383671","35865","33092","32638","31937","32796","32606","31937","30223","31056","29967","322117","30503","28042","28378","27792","29213","29871","30366","33362","34561","35923","308011","38209","35981","35750","34748","33137","31723","30976","27034","27999","25581","25070","26659","21336","17856","17026","9067","6667","6541","9513","14671","14593","14444","13408","10304","8703","6557","4059","3460","4009","3029","2813","2029","1550","1100","764","460","293","198","92","71","567480","1064328","189099","684494","190735","1238289","179060","624982","434247","721287","132299","466449","122539","856213","125400","445367","285446","1609535","4949420","3561378.1000000000","173"
"        Оренбургская область","36601","11267","20109","28986","41930","80711","15.8000000000","11.6000000000","1855781","360892","1039313","455576","17384","17936","18747","20080","20581","23925","25191","25968","26159","26410","24918","25382","23965","22924","21848","19474","19789","20337","401018","20257","19427","18118","18370","17659","18656","17875","18396","148758","19169","19543","18923","19526","21984","99145","24849","27564","29002","30760","32126","32324","29415","30149","28162","27913","292264","30096","27649","26495","25701","26456","26696","24609","23452","24050","23393","258597","23347","22435","22735","21940","22969","24436","24803","27263","27879","29658","247465","30407","29138","29032","26574","25428","24949","23999","20635","20655","19795","17133","16368","14345","13266","11610","5951","4031","4330","6262","8741","9013","9466","8232","7211","5769","4042","2072","1646","1921","1539","1508","1085","834","585","396","263","147","81","37","38","408534","861284","186231","538213","136840","994497","174661","501100","318736","501823","103362","323340","75121","606907","97206","320611","189090","912871","3712638","1945770.4000000000","153"
"        Республика Карелия","52984","17118","29992","42666","60890","114251","14.9000000000","11.1000000000","532384","91510","293919","146955","4234","4096","4462","5057","5354","6190","6444","6531","6297","6606","6202","6304","6344","6116","5782","5491","5586","5789","102885","5266","4918","4441","4376","3915","4036","3869","4134","34955","4174","4288","4337","4955","5822","23576","6993","7833","8273","9117","9201","8856","8859","8934","8820","8333","85219","8419","7986","8296","8016","8389","8209","8160","7589","7487","7497","80048","7267","6616","6544","6502","6931","7088","7400","7877","7883","8889","72997","9184","8718","8650","8273","8034","8026","8111","7121","6863","6605","6216","6457","4655","4515","3687","2174","1624","1169","1724","2869","2431","2775","2535","2358","1697","1346","948","786","809","644","537","401","265","176","144","88","37","29","12","11","132704","238824","46580","151836","40408","293560","44930","142083","106547","186861","38023","119218","29620","235958","36705","117391","81862","1159048","2389624","5480804.4000000000","136"
"        Город Севастополь","39471","14463","24121","33124","45609","80036","12.3000000000","9.3000000000","547452","93079","329288","125085","4425","4808","5108","5362","5903","6556","7067","6435","6502","6544","6271","5626","5520","5921","5747","5284","5550","5023","103652","5615","5560","5152","6688","6515","5193","4888","6720","46331","7415","5618","5730","6551","7515","32829","9866","10518","9949","10231","11455","11928","9666","9773","9309","8525","101220","10715","8580","8968","7676","8732","8473","7631","6869","7096","6461","81201","8099","7121","7541","5869","6299","6845","5960","7099","6249","6337","67419","7843","6620","6921","6023","6895","6671","6579","5752","6113","5327","5497","5540","4307","4004","4001","2777","1856","1753","2159","2611","2524","2621","2180","2064","1431","1042","660","538","647","379","395","325","229","182","137","104","43","32","17","1","114800","260690","47839","172162","40689","286762","45240","157126","84396","239987","44411","157965","37611","265299","42029","145073","78197","286913","1685366","2822435.3000000000","66"
"        Нижегородская область","50283","14110","26069","38528","57166","115541","17.4000000000","7.5000000000","3108918","543407","1740931","824580","26017","27579","28603","31912","34166","38482","40067","38486","38287","38387","36135","34478","34793","34037","31984","29994","29627","29826","602860","29993","29452","26998","28328","25838","28302","26696","28595","224202","30448","30366","30126","34120","39070","164130","47198","50243","52242","55848","56274","55028","51546","53286","48470","47529","517664","49837","46119","47411","44338","45214","45891","43125","40932","41620","41366","445853","42541","39061","37208","36347","37981","40167","40282","42882","44098","47028","407595","50808","49370","49656","46868","44802","43959","42430","37599","36680","34854","34738","33950","26094","24568","22036","13142","9557","7730","10475","16741","16198","16182","15288","14232","10099","8684","6481","4765","5048","3399","2982","2115","1752","1153","820","553","372","198","113","123","746614","1408266","279365","899280","229621","1700652","264042","841651","594959","1108979","228055","707637","173287","1376284","215562","692182","468540","2504365","8890460","9077501.1000000000","420"
"        Красноярский край","50368","14224","26218","38682","57297","115420","17.3000000000","14.0000000000","2856326","569281","1659215","627830","28308","29020","30198","33543","35534","39806","41046","40950","40767","40872","37990","36725","36296","35614","33099","29513","31489","29761","630531","31968","30477","27747","28782","26116","26752","25208","29130","226180","31914","33280","33055","38766","43478","180493","49013","49089","48551","50961","53719","52352","49059","51246","50475","47026","501491","47205","45003","44039","41318","42499","42773","40175","37078","37209","35741","413040","36488","33712","31655","30023","31334","33438","33251","36544","36428","38344","341217","40167","37832","37254","35692","34112","34661","34487","30436","30035","27821","26602","25094","20605","18318","14938","9843","6496","6029","8187","11697","12634","11859","10161","9380","6850","5072","3554","2653","2707","1943","1780","1373","1067","727","477","337","199","144","77","74","563374","1328198","292589","849514","186095","1528128","276692","809701","441735","1043692","223934","681628","138130","1224776","212052","670861","341863","1714776","5743501","6702484.3000000000","345"
"        Калужская область","44538","15370","26249","36663","51357","93052","13.6000000000","7.5000000000","1073252","178914","617757","276581","8919","9407","9535","11068","11536","12891","13214","12115","12021","12280","11554","11848","11052","10928","10627","9919","10191","10118","199223","10333","9877","10018","9915","9936","10213","10145","10285","80722","11386","11230","11483","12863","14518","61480","16643","18057","18586","20214","19888","19140","19067","19148","17429","16674","184846","17339","16347","16594","15306","15992","15871","14825","14168","14555","14139","155136","14573","13248","13189","12700","13012","14557","13504","15101","15625","15852","141361","17131","16133","16948","15623","15700","14886","14129","12254","12304","11704","11380","10961","8927","8457","7083","4427","3049","2663","4128","5860","5515","5410","5178","4844","3468","2464","1550","1509","1548","1232","1204","759","651","442","327","219","199","105","74","39","250484","509427","91593","333633","84201","563825","87321","284124","192380","377917","69162","246940","61815","427401","66374","215657","145370","771936","2422663","2948772.1000000000","133"
"        Рязанская область","39492","12686","22276","31739","45369","85388","15.0000000000","10.9000000000","1098579","174458","612415","311706","7876","8615","9236","10168","10925","12665","12476","12381","12258","12317","11648","11305","10636","11670","10836","9446","9716","10155","194329","10738","10225","9654","9690","9138","9530","8894","9483","77352","10008","9910","10512","12850","13670","56950","15771","16517","17859","19084","18287","17704","18059","17241","16955","16511","173988","17112","16501","16097","15840","16215","15728","15831","15399","15577","15651","159951","16126","14350","14284","14106","14721","14272","14810","15916","16453","17669","152707","18845","17831","17740","17614","16342","16435","15483","13712","13657","13178","13060","12975","10468","9797","8382","4618","3289","2893","4582","7604","7003","7012","6261","5359","3874","3268","2186","1883","2069","1486","1292","845","708","531","371","265","160","121","78","25","283302","497369","89681","318813","88875","601210","84777","293602","222831","347925","65093","224097","58735","436072","61270","217730","157072","1168812","3420867","2908260.8000000000","94"
"        Кировская область","38005","12802","22071","31036","43775","80341","14.1000000000","10.6000000000","1149176","198538","617040","333598","8011","9051","9822","11243","12371","14315","15082","13974","14179","14097","13100","13529","13139","12898","12223","11504","10853","10777","220168","9847","9763","8995","8823","7796","8381","7807","8491","69903","9135","8904","9403","10867","12796","51105","15581","16673","16935","18457","19877","19529","18637","19945","18299","17858","181791","19186","17251","17751","16463","17618","17237","16241","15271","15194","14724","166936","14937","13372","13499","13127","14299","15366","15730","17499","17873","19964","155666","21785","21009","21019","20343","18742","19049","18168","15666","15729","14739","14233","13541","10161","9832","8149","4077","2623","2027","3488","6403","6132","6631","5708","5138","3564","3068","2489","2052","2080","1575","1301","963","736","470","367","219","139","81","48","63","303607","525107","101719","323981","99407","624069","96819","293059","234191","403709","82753","251843","69113","491945","78704","240376","172865","733738","2979440","2786766.9000000000","135"
"        Алтайский край","36315","11153","19923","28737","41596","80167","15.8000000000","13.8000000000","2154932","424089","1182444","548399","19315","19737","20972","23122","25183","28183","29426","30585","31184","31818","29645","27777","27399","29474","26900","23369","23751","24008","471848","23559","21373","19779","22784","21337","21179","20152","21570","171733","22631","23246","23622","27869","30155","127523","32258","34061","31950","31651","32296","32669","31634","33906","32451","30435","323311","32745","29580","29795","28172","29761","30000","30463","29058","28928","27550","296052","27415","24627","23842","22724","23929","25113","25512","28896","30703","34087","266848","36729","35488","36182","35618","31599","31353","28337","25674","23960","23775","22851","21393","19106","16681","12339","7667","4790","4655","5991","9136","10258","10254","9124","7719","5636","4319","3411","2587","2437","1938","1803","1468","1212","825","535","364","199","119","51","34","497617","985906","217553","603618","164735","1169026","206536","578826","383664","561897","121221","355479","85197","693062","115549","364415","213098","1505214","6335800","11347501.1000000000","186"
"        Ульяновская область","35749","11849","20557","29037","41143","76159","14.4000000000","12.4000000000","1191661","201949","660923","328789","9952","10254","10759","11804","12320","14225","14668","14663","14512","14514","13557","12730","12736","12746","11656","10853","10615","10931","223495","10857","10646","9774","10364","10206","10559","9828","11252","83486","11833","12944","13061","14530","15764","68132","18366","19155","20266","20545","20354","19217","19171","18935","17077","16827","189913","16607","15806","16535","16303","16524","15992","15613","15374","15825","15782","160361","16012","14887","14927","15073","16022","17225","17778","19049","19887","20632","171492","21338","19767","19206","19090","17787","17516","17198","15079","14537","13702","13227","13049","11315","9982","8456","4489","3177","3354","4817","6891","6607","6356","5812","5377","4047","2835","1754","1505","1670","1178","1283","752","561","404","268","172","106","59","33","26","294782","548113","103864","347853","96396","643548","98085","313070","232393","416135","82646","265117","68372","498571","77872","249250","171449","714632","2597172","2066797.4000000000","84"
"        Камчатский край","84661","24794","45088","65878","96614","190930","16.7000000000","10.9000000000","292574","56848","179192","56534","3092","3235","3228","3349","3612","3869","4006","3941","4013","3904","3721","3354","3498","3471","3391","3164","3236","2990","63074","2722","2782","2786","2930","2891","3149","2765","3133","23158","3178","3074","3135","3577","4007","16971","4867","5123","5470","5725","6196","6112","5363","5582","5189","4942","54569","5228","4856","4746","4518","4510","4855","4581","4357","4407","4203","46261","4177","3979","3842","3555","3674","3821","3613","3730","3665","3805","37861","3868","3437","3535","3282","3051","3096","2994","2748","2752","2584","2477","2456","2058","1730","1556","1113","784","661","868","959","951","896","675","576","416","313","208","159","124","98","78","53","37","29","28","18","6","2","2","2","50680","142988","29064","96275","17649","149586","27784","82917","38885","110953","22770","75219","12964","117075","21674","66022","29379","309863","779904","3148948.6000000000","114"
"        Приморский край","54010","16537","29573","42693","61849","119397","15.9000000000","10.3000000000","1841961","322405","1089242","430314","16665","17275","17232","18777","19679","21904","22725","22605","22745","22851","21437","21111","20549","19566","19544","17740","18566","18106","359077","20079","21121","21221","21384","18327","18022","15936","17975","154065","19074","18571","19454","21670","25672","104441","29460","30568","30868","32962","32769","32110","31365","31875","31096","29777","312850","31598","29310","29414","27900","28814","29082","27819","26899","27241","26504","284581","26522","24383","23007","21873","22917","22972","23412","24085","24139","24958","238268","26619","23754","23391","22754","21908","22548","22566","20834","21096","19474","18855","18407","15503","15112","12871","8240","6119","5461","7155","9113","9092","8234","6777","6450","4135","3406","2159","1691","1797","935","569","463","341","312","210","139","83","68","33","5","388679","863725","163498","571361","128866","978236","158907","517881","301448","670624","127557","447186","95881","774761","124496","416210","234055","2118237","7952384","6429772.9000000000","118"
"        Республика Мордовия","30612","9781","17210","24557","35157","66355","15.1000000000","14.1000000000","781440","114783","449377","217280","5252","5451","5826","6561","6621","7617","7703","7786","7944","7952","7607","7786","7904","8047","7614","7112","7301","7523","129607","8135","8031","7886","8241","7774","7563","7052","7505","62187","8248","7695","8001","9002","9803","42749","11497","12339","12623","13329","13145","12942","12166","12504","11824","11212","123581","11798","11312","11077","10754","11166","11420","10824","10170","11005","11436","110962","11536","10376","10594","10417","11215","11902","11477","12631","12470","13252","115870","14366","13603","13625","12703","12382","11294","11114","9771","9853","8862","8748","8632","7279","6127","5645","2786","2015","1884","3067","4647","4470","4029","3979","2933","2589","2100","1507","1104","1127","820","846","646","588","432","321","209","157","130","66","28","196484","362586","58489","239546","64551","418854","56294","209831","152729","223766","39491","147661","36614","271956","38315","141106","92535","217171","772445","867595.8000000000","32"
"        Республика Башкортостан","40006","11934","21553","31335","45723","89488","16.3000000000","10.0000000000","4091621","818105","2328492","945024","39306","40872","41491","46563","48672","56166","59429","59623","59032","58890","55382","54259","51321","53622","50453","43024","45645","45427","909177","44349","43424","39011","41081","38498","39625","38884","41846","326718","43417","41419","43426","49870","54606","232738","69022","70825","72410","76594","73477","72176","67506","69038","63243","59639","693930","61938","57203","54946","52835","53890","52989","50749","47788","49388","48105","529831","52755","49833","51497","49244","52683","55820","56061","61065","62037","64416","555411","69998","63032","60514","56504","52001","51482","48911","41684","42311","38580","34334","34360","25694","24344","21529","12407","7370","8187","13157","17058","17521","18709","16224","13651","12035","9753","6421","5214","5838","3853","3374","2341","2006","1197","876","589","363","199","82","113","843816","1934940","420581","1223019","291340","2156681","397524","1105473","653684","1176332","261721","750572","164039","1362995","247410","726091","389494","2154174","8870912","11391604.5000000000","297"
"        Республика Алтай","34244","10493","18759","27076","39216","75674","15.9000000000","18.0000000000","210808","57670","116027","37111","2753","2751","2808","3137","3215","3621","3727","4079","4143","4347","4343","3898","3955","4046","3708","3139","3339","3146","64155","2551","2250","2303","2295","2151","2401","2306","2351","18608","2444","2522","2246","2095","2078","11385","2480","2730","3396","3579","3492","3348","3348","3710","3416","3334","32833","2977","3020","2900","3023","2950","2820","2874","2506","2628","2420","28118","2332","2189","2132","2116","2155","2168","2237","2389","2483","2689","22890","2734","2641","2589","2497","2361","2211","2142","1785","1680","1597","1450","1353","1042","917","722","401","229","236","329","463","509","484","458","405","278","228","198","180","164","99","115","110","78","37","32","25","21","8","6","5","32819","99464","29439","58616","11409","111344","28231","57411","25702","29399","7988","18302","3109","35964","7604","20574","7786","1037722","3125812","3572763.6000000000","39"
"        Владимирская область","38619","13529","22969","31946","44559","80091","13.3000000000","9.8000000000","1342235","219772","749208","373255","9698","9954","10998","12569","13045","15383","15818","15169","15142","15934","15081","14602","14595","14644","14044","13096","13021","12920","245713","13496","13149","12288","11778","11295","11630","11284","12244","97164","12684","13361","13849","15305","16420","71619","19296","20205","21250","23041","23090","21592","22221","22552","21255","19953","214455","20936","20549","19979","18944","19529","20188","19168","18213","18591","18055","194152","18702","16700","16438","16004","17538","17478","18206","19129","20518","21393","182106","21872","21806","21747","20642","19265","19558","19760","16504","16296","15363","15687","15111","12422","11219","9889","6141","4248","3426","5239","8706","7943","7876","7538","6697","4466","3791","2499","2105","2027","1606","1530","1161","787","620","423","352","230","147","82","245","337026","609524","113064","392503","103957","732711","106708","356705","269298","466521","90409","300475","75637","575145","85537","283398","206210","1134860","3251101","3939690.8000000000","170"
"        Омская область","40521","12073","21814","31724","46306","90686","16.4000000000","11.1000000000","1851537","365420","1031217","454900","17020","17475","18423","20521","21658","25050","26992","28018","27339","27688","25179","23626","23037","22670","21443","19281","19231","19410","404061","19863","17848","16424","16685","15250","16015","15326","17186","134597","17963","17612","18012","19818","22100","95505","26566","27462","28783","30721","33041","32648","31548","32018","31546","29200","303533","29516","28211","27485","27454","27148","26606","25558","24724","24326","23031","264059","22775","21971","21900","21356","22368","23922","24513","26957","27817","29013","242592","30557","28896","28874","27344","25806","24793","23083","19902","21406","19515","17611","17000","13976","13689","10749","6212","4245","3999","5358","7792","8435","8904","7813","6950","5606","4057","3107","2191","2138","1634","1562","1225","938","608","447","318","185","114","63","88","407190","854140","187703","532858","133579","997397","177717","498359","321321","616814","131045","391881","93888","744664","124401","381369","238894","1035118","3754087","2984679.2000000000","188"
"        Волгоградская область","35472","12017","20671","29022","40869","74780","14.0000000000","9.4000000000","2492808","409110","1454545","629153","19413","19546","20896","23387","24709","27855","28616","28724","28577","29179","27868","25607","25247","28604","27534","23348","23265","20468","452843","23542","24889","23805","26765","25168","24316","22756","26130","197371","28571","25887","27756","29380","32866","144460","42023","42207","42293","43338","43901","44618","41243","42746","39740","38016","420125","42918","39556","37379","36544","38069","37941","35779","34512","35277","33151","371126","36857","32824","32868","29887","31552","33799","31512","35344","34284","35642","334569","39922","35640","34358","32668","32944","32682","31950","28779","28465","26218","26932","26205","21756","18354","16404","10879","6550","7420","10084","13749","14255","14086","13023","11259","8833","6933","3757","3012","3480","2511","2406","1858","1566","1142","827","521","404","254","127","101","572314","1167543","210026","758925","198592","1325265","199084","695620","430561","893090","158406","585137","149547","1038141","150636","554918","332587","1425779","3831696","3084192.9000000000","160"
"        Республика Тыва","28920","8516","15455","22548","33018","65064","16.6000000000","25.9000000000","336251","113268","188579","34404","6557","6965","5846","6376","6771","7109","7162","7598","7657","7895","8035","7591","7633","7367","7109","5597","5358","5134","123760","4112","3948","3908","3577","3687","3748","3680","4370","31030","4808","4874","4909","4309","4809","23709","5386","5581","5779","5958","5929","5255","5180","5304","5052","4731","54155","4356","4758","4300","4071","4271","3934","4061","4049","3912","3969","41681","3847","3560","3463","3425","3497","3331","3252","3101","3092","2841","33409","2975","2598","2282","2114","1959","1670","1639","1341","1139","1289","1134","1116","993","815","788","554","431","534","498","512","457","389","308","205","189","111","99","79","69","44","56","32","26","21","10","13","6","9","1","2","28507","158961","57751","91897","9313","177290","55517","96682","25091","84953","30145","50094","4714","99361","29105","56566","13690","75248","312479","256466.6000000000","11"
"        Забайкальский край","42400","13364","23637","33855","48652","92492","15.3000000000","15.8000000000","1000520","220626","586897","192997","10592","10990","11259","12232","12924","14179","15130","15736","15498","15666","14962","15219","14924","14781","13761","12773","13108","13194","246928","12700","12735","11993","11488","10535","11272","10131","10676","91530","11154","11625","11472","13093","14665","62009","16452","16836","17606","18391","17694","17278","17084","17740","17420","16111","172612","16474","15812","15372","14982","15046","14580","13878","13228","12798","12071","144241","11855","10849","10192","9763","9960","10734","10717","11751","12027","12904","110752","13112","13006","12744","12097","11153","11250","11113","9701","9203","8374","8302","7569","5583","4925","4379","2269","1514","1292","2435","3317","3317","3164","2582","2391","1729","1297","841","622","722","461","565","431","312","212","157","118","70","63","31","25","172448","472241","112615","302839","56787","528279","108011","284058","136210","321615","75895","209603","36117","371257","72590","204947","93720","456732","1264553","1304471.6000000000","74"
"        Кабардино-Балкарская Республика","38681","11749","21076","30491","44270","85821","16.0000000000","14.8000000000","904338","199410","539605","165323","10441","10449","10445","11618","11733","12721","14005","13669","13642","14314","12871","14491","13293","13006","12286","10426","11065","9912","220387","10365","10162","9838","12829","11954","11607","10513","11549","88817","13486","11206","12177","13333","14024","64226","18200","17472","15801","15357","16152","17091","13540","13598","12998","12251","152460","15941","12795","12189","10518","11354","12458","10032","9746","10135","10159","115327","13060","11463","12160","10495","10786","13108","11224","11545","11579","11280","116700","13733","10949","10478","9136","9218","8752","8331","6908","7075","5944","6439","5507","4415","3804","3232","2700","1668","2162","3232","3020","3651","3233","2888","2200","1884","1412","911","734","954","442","521","241","222","142","104","65","32","38","40","4","146421","429493","101960","275236","52297","474845","97450","264369","113026","217057","47909","140122","29026","252388","46229","141261","64898","394611","2566148","1897075.6000000000","18"
"        Удмуртская Республика","38353","13072","22433","31442","44201","80618","13.8000000000","9.4000000000","1448946","296719","806303","345924","14394","14533","14538","16278","17510","20683","21572","21472","21782","22461","21265","19796","19003","18179","17607","15646","15964","16724","329407","16029","14977","14002","14189","13749","14093","13452","13815","114306","13547","15441","15040","17013","17928","78969","20411","21691","24109","25102","24861","23740","23465","24787","22248","21714","232128","22156","21000","20834","20436","21973","20540","20186","18417","18257","18097","201896","17914","16321","16086","16592","17408","17828","18748","20086","20901","21769","183653","23612","22238","22099","20830","19237","19480","18715","16293","16168","14919","14117","13301","9722","9906","7774","4511","3346","2889","4189","6124","5828","6378","5243","4357","3607","2888","2267","1723","1696","1392","1204","753","586","424","322","173","119","84","39","34","308587","663772","152095","414216","97461","785174","144624","392087","248463","424526","94965","269670","59891","527645","91131","275626","160888","772119","2780518","3535801.8000000000","213"
"        Тверская область","41193","14133","24191","33844","47487","86308","13.7000000000","9.3000000000","1226038","203815","679665","342558","9422","9979","10552","11381","12511","14153","14335","14458","14498","15078","14298","12834","12403","13689","13121","11103","11333","10900","226048","11497","11210","10522","10919","10538","10368","9683","10690","85427","11081","10906","11628","13484","15460","62559","18151","19282","20133","21016","20946","20547","20132","20549","19220","18616","198592","19519","18206","18067","17436","18072","18120","17197","16363","16670","16299","175949","16776","15175","15121","14685","15927","16468","16948","17988","18522","20089","167699","20950","19737","19671","19173","18585","18333","17650","15919","15498","14390","14898","14580","11239","10700","8993","5217","3610","2762","4369","7514","6764","7283","6476","6013","3961","3215","2120","1979","2032","1523","1438","957","777","528","337","242","154","85","50","42","309764","558561","104241","357774","96546","667477","99574","321891","246012","417750","81368","267743","68639","518255","77730","253788","186737","3169682","9298718","7258510.6000000000","144"
